"year","grand_prix","session_type","driver","team","total_laps","avg_lap_time_s","best_lap_time_s","avg_sector1_s","avg_sector2_s","avg_sector3_s","avg_speed_trap_kmh","max_speed_trap_kmh","soft_laps","medium_laps","hard_laps","rank_in_race"
2025,Abu Dhabi Grand Prix,Q,VER,Red Bull Racing,6,82.728,82.207,16.943,35.913,29.872,329.2,330.0,6,0,0,1
2025,Abu Dhabi Grand Prix,Q,NOR,McLaren,5,82.914,82.408,17.052,36.086,29.776,326.8,329.0,5,0,0,2
2025,Abu Dhabi Grand Prix,Q,PIA,McLaren,5,82.788,82.437,16.979,36.069,29.74,326.6,327.0,5,0,0,3
2025,Abu Dhabi Grand Prix,Q,RUS,Mercedes,6,82.975,82.645,16.975,35.983,30.018,328.3,330.0,6,0,0,4
2025,Abu Dhabi Grand Prix,Q,LEC,Ferrari,6,83.151,82.73,17.066,36.033,30.052,327.3,332.0,5,1,0,5
2025,Abu Dhabi Grand Prix,Q,ALO,Aston Martin,6,83.094,82.861,16.983,36.1,30.011,327.5,330.0,6,0,0,6
2025,Abu Dhabi Grand Prix,Q,BOR,Kick Sauber,7,83.299,82.874,17.082,36.133,30.083,326.1,329.0,7,0,0,7
2025,Abu Dhabi Grand Prix,Q,ANT,Mercedes,4,83.207,82.894,16.966,36.117,30.124,329.8,331.0,4,0,0,8
2025,Abu Dhabi Grand Prix,Q,OCO,Haas F1 Team,6,83.279,82.913,17.104,36.096,30.078,326.5,329.0,6,0,0,9
2025,Abu Dhabi Grand Prix,Q,HAD,Racing Bulls,6,83.3,82.997,17.061,36.156,30.082,328.0,329.0,6,0,0,10
2025,Abu Dhabi Grand Prix,Q,TSU,Red Bull Racing,5,83.296,83.034,17.049,35.93,30.317,330.4,332.0,5,0,0,11
2025,Abu Dhabi Grand Prix,Q,BEA,Haas F1 Team,3,83.255,83.041,17.045,36.144,30.066,325.7,327.0,3,0,0,12
2025,Abu Dhabi Grand Prix,Q,SAI,Williams,4,83.257,83.042,16.955,36.088,30.215,324.5,326.0,4,0,0,13
2025,Abu Dhabi Grand Prix,Q,LAW,Racing Bulls,4,83.335,83.077,17.099,36.107,30.129,328.3,329.0,4,0,0,14
2025,Abu Dhabi Grand Prix,Q,STR,Aston Martin,7,94.872,83.097,19.291,40.875,34.706,294.3,327.0,7,0,0,15
2025,Abu Dhabi Grand Prix,Q,HAM,Ferrari,3,83.633,83.394,17.165,36.207,30.261,325.7,327.0,2,1,0,16
2025,Abu Dhabi Grand Prix,Q,ALB,Williams,2,83.592,83.416,17.044,36.165,30.383,324.0,325.0,2,0,0,17
2025,Abu Dhabi Grand Prix,Q,HUL,Kick Sauber,3,83.527,83.45,17.207,36.209,30.111,326.0,330.0,3,0,0,18
2025,Abu Dhabi Grand Prix,Q,GAS,Alpine,3,83.906,83.468,17.146,36.291,30.47,326.7,328.0,2,1,0,19
2025,Abu Dhabi Grand Prix,Q,COL,Alpine,3,84.102,83.89,17.19,36.374,30.538,327.0,328.0,3,0,0,20
2025,Abu Dhabi Grand Prix,R,LEC,Ferrari,53,88.594,86.725,17.871,38.034,32.689,310.8,330.0,0,32,21,1
2025,Abu Dhabi Grand Prix,R,PIA,McLaren,55,88.838,86.765,17.787,38.455,32.596,303.7,315.0,0,16,39,2
2025,Abu Dhabi Grand Prix,R,NOR,McLaren,53,88.485,86.818,17.735,38.231,32.52,302.8,324.0,0,14,39,3
2025,Abu Dhabi Grand Prix,R,HUL,Kick Sauber,53,89.539,87.05,18.049,38.179,33.311,317.1,340.0,5,15,33,4
2025,Abu Dhabi Grand Prix,R,VER,Red Bull Racing,55,88.646,87.625,17.785,38.375,32.486,304.9,335.0,0,21,34,5
2025,Abu Dhabi Grand Prix,R,STR,Aston Martin,55,89.829,87.626,17.997,38.446,33.386,309.7,345.0,0,15,40,6
2025,Abu Dhabi Grand Prix,R,COL,Alpine,52,89.852,87.71,18.083,38.652,33.118,304.0,315.0,0,29,23,7
2025,Abu Dhabi Grand Prix,R,GAS,Alpine,52,89.726,87.767,18.073,38.582,33.071,305.1,332.0,0,27,25,8
2025,Abu Dhabi Grand Prix,R,ANT,Mercedes,55,89.956,88.029,17.991,38.315,33.65,312.1,331.0,0,25,30,9
2025,Abu Dhabi Grand Prix,R,HAM,Ferrari,53,89.433,88.094,17.974,38.203,33.256,316.8,341.0,6,26,21,10
2025,Abu Dhabi Grand Prix,R,ALO,Aston Martin,55,89.761,88.279,17.952,38.6,33.209,302.9,341.0,0,14,41,11
2025,Abu Dhabi Grand Prix,R,ALB,Williams,53,89.646,88.367,17.946,38.277,33.422,317.6,335.0,6,24,23,12
2025,Abu Dhabi Grand Prix,R,TSU,Red Bull Racing,55,89.943,88.557,17.919,38.448,33.576,312.1,338.0,0,25,30,13
2025,Abu Dhabi Grand Prix,R,RUS,Mercedes,55,89.437,88.599,17.872,38.373,33.193,312.8,336.0,0,12,43,14
2025,Abu Dhabi Grand Prix,R,OCO,Haas F1 Team,55,89.771,88.655,17.948,38.291,33.533,317.4,340.0,0,17,38,15
2025,Abu Dhabi Grand Prix,R,LAW,Racing Bulls,54,90.01,88.886,17.966,38.762,33.281,300.4,324.0,0,19,35,16
2025,Abu Dhabi Grand Prix,R,BEA,Haas F1 Team,55,89.86,88.976,17.944,38.443,33.474,317.7,343.0,0,12,43,17
2025,Abu Dhabi Grand Prix,R,SAI,Williams,55,89.96,89.052,18.048,38.287,33.626,313.9,334.0,0,16,39,18
2025,Abu Dhabi Grand Prix,R,BOR,Kick Sauber,55,90.019,89.114,18.002,38.402,33.616,313.7,331.0,0,13,42,19
2025,Abu Dhabi Grand Prix,R,HAD,Racing Bulls,54,90.169,89.375,18.04,38.724,33.405,305.6,328.0,0,12,42,20
2025,Australian Grand Prix,Q,NOR,McLaren,6,75.651,75.096,26.205,17.101,32.344,325.8,328.0,5,0,0,1
2025,Australian Grand Prix,Q,PIA,McLaren,5,75.803,75.18,26.233,17.089,32.48,323.0,325.0,5,0,0,2
2025,Australian Grand Prix,Q,VER,Red Bull Racing,5,75.685,75.481,26.161,17.012,32.511,329.0,331.0,5,0,0,3
2025,Australian Grand Prix,Q,RUS,Mercedes,7,76.956,75.546,26.34,17.117,33.499,325.4,328.0,5,2,0,4
2025,Australian Grand Prix,Q,TSU,Racing Bulls,6,76.2,75.67,26.375,17.151,32.674,327.2,330.0,6,0,0,5
2025,Australian Grand Prix,Q,ALB,Williams,9,82.528,75.737,29.448,18.35,34.73,305.4,331.0,9,0,0,6
2025,Australian Grand Prix,Q,LEC,Ferrari,5,75.98,75.755,26.334,17.127,32.519,324.0,326.0,5,0,0,7
2025,Australian Grand Prix,Q,HAM,Ferrari,9,82.754,75.919,28.963,18.713,35.078,299.1,330.0,9,0,0,8
2025,Australian Grand Prix,Q,SAI,Williams,9,84.734,75.931,29.82,19.061,35.854,289.0,327.0,9,0,0,9
2025,Australian Grand Prix,Q,GAS,Alpine,9,83.623,75.98,29.733,18.13,35.76,295.2,329.0,9,0,0,10
2025,Australian Grand Prix,Q,HAD,Racing Bulls,4,76.425,76.175,26.507,17.187,32.731,326.8,329.0,4,0,0,11
2025,Australian Grand Prix,Q,ALO,Aston Martin,3,76.429,76.288,26.39,17.2,32.84,327.0,330.0,3,0,0,12
2025,Australian Grand Prix,Q,DOO,Alpine,7,84.701,76.315,29.569,19.025,36.107,293.7,327.0,7,0,0,13
2025,Australian Grand Prix,Q,STR,Aston Martin,5,76.706,76.369,26.519,17.222,32.966,326.0,329.0,5,0,0,14
2025,Australian Grand Prix,Q,BOR,Kick Sauber,3,76.936,76.516,26.498,17.274,33.163,325.3,326.0,3,0,0,15
2025,Australian Grand Prix,Q,ANT,Mercedes,5,88.455,76.525,31.987,19.192,37.276,281.4,325.0,4,1,0,16
2025,Australian Grand Prix,Q,HUL,Kick Sauber,3,78.327,76.579,26.589,17.282,34.456,326.0,328.0,3,0,0,17
2025,Australian Grand Prix,Q,LAW,Red Bull Racing,1,77.094,77.094,26.819,17.362,32.913,327.0,327.0,1,0,0,18
2025,Australian Grand Prix,Q,OCO,Haas F1 Team,3,77.45,77.147,26.81,17.291,33.349,318.7,322.0,3,0,0,19
2025,Australian Grand Prix,R,NOR,McLaren,35,89.787,82.167,31.84,19.064,38.883,287.1,300.0,0,0,2,1
2025,Australian Grand Prix,R,LAW,Red Bull Racing,30,93.041,82.97,32.688,19.394,40.959,271.1,305.0,0,5,0,2
2025,Australian Grand Prix,R,VER,Red Bull Racing,36,90.315,83.081,31.853,18.956,39.506,279.0,298.0,0,4,0,3
2025,Australian Grand Prix,R,PIA,McLaren,34,90.22,83.242,32.063,18.93,39.228,282.4,304.0,0,0,2,4
2025,Australian Grand Prix,R,BOR,Kick Sauber,27,92.693,84.192,32.948,19.322,40.423,283.4,295.0,0,2,0,5
2025,Australian Grand Prix,R,TSU,Racing Bulls,36,92.392,84.194,32.616,19.184,40.591,267.6,304.0,0,5,0,6
2025,Australian Grand Prix,R,HAM,Ferrari,36,92.103,84.218,32.511,19.016,40.577,274.8,312.0,0,0,5,7
2025,Australian Grand Prix,R,ALB,Williams,34,91.847,84.597,32.531,19.266,40.051,264.9,291.0,0,2,0,8
2025,Australian Grand Prix,R,ANT,Mercedes,34,91.734,84.901,32.749,19.079,39.906,283.1,299.0,0,0,2,9
2025,Australian Grand Prix,R,GAS,Alpine,35,92.14,85.02,32.679,19.241,40.22,271.1,296.0,0,0,4,10
2025,Australian Grand Prix,R,RUS,Mercedes,34,91.074,85.065,32.328,19.14,39.606,281.6,298.0,0,0,2,11
2025,Australian Grand Prix,R,HUL,Kick Sauber,34,92.528,85.243,32.916,19.353,40.259,278.2,296.0,0,2,0,12
2025,Australian Grand Prix,R,LEC,Ferrari,36,91.704,85.271,32.195,19.072,40.437,279.5,295.0,0,0,5,13
2025,Australian Grand Prix,R,STR,Aston Martin,34,92.324,85.538,32.895,19.417,40.012,278.6,301.0,0,0,2,14
2025,Australian Grand Prix,R,OCO,Haas F1 Team,35,93.678,86.764,33.2,19.44,41.038,265.7,292.0,0,4,0,15
2025,Australian Grand Prix,R,BEA,Haas F1 Team,33,93.241,87.603,32.952,19.67,40.619,271.4,290.0,0,2,0,16
2025,Australian Grand Prix,R,ALO,Aston Martin,25,92.502,88.819,32.774,19.287,40.441,269.3,296.0,0,0,0,17
2025,Austrian Grand Prix,Q,NOR,McLaren,6,64.567,63.971,16.376,28.778,19.413,319.0,322.0,6,0,0,1
2025,Austrian Grand Prix,Q,LEC,Ferrari,7,64.942,64.492,16.443,28.945,19.554,318.4,321.0,6,0,0,2
2025,Austrian Grand Prix,Q,PIA,McLaren,7,72.538,64.554,18.691,32.178,21.669,307.1,322.0,7,0,0,3
2025,Austrian Grand Prix,Q,HAM,Ferrari,7,65.029,64.582,16.455,28.95,19.625,319.1,321.0,7,0,0,4
2025,Austrian Grand Prix,Q,RUS,Mercedes,6,65.066,64.763,16.372,29.127,19.568,319.3,320.0,6,0,0,5
2025,Austrian Grand Prix,Q,VER,Red Bull Racing,6,65.475,64.836,16.439,28.957,20.079,319.5,321.0,5,0,0,6
2025,Austrian Grand Prix,Q,GAS,Alpine,7,66.606,64.846,16.561,29.091,20.955,317.6,319.0,6,0,0,7
2025,Austrian Grand Prix,Q,BOR,Kick Sauber,7,65.375,64.846,16.601,29.046,19.727,317.9,319.0,6,0,0,7
2025,Austrian Grand Prix,Q,LAW,Racing Bulls,5,65.126,64.926,16.558,28.944,19.625,315.8,317.0,5,0,0,9
2025,Austrian Grand Prix,Q,ANT,Mercedes,5,65.295,65.052,16.416,29.194,19.686,320.0,321.0,4,0,0,10
2025,Austrian Grand Prix,Q,HAD,Racing Bulls,4,65.298,65.063,16.67,28.911,19.716,317.3,320.0,3,0,0,11
2025,Austrian Grand Prix,Q,ALO,Aston Martin,4,65.583,65.128,16.551,29.23,19.802,318.3,320.0,3,0,0,12
2025,Austrian Grand Prix,Q,ALB,Williams,5,65.649,65.143,16.578,29.168,19.903,316.0,319.0,4,0,0,13
2025,Austrian Grand Prix,Q,BEA,Haas F1 Team,5,65.859,65.218,16.634,29.261,19.964,317.2,318.0,5,0,0,14
2025,Austrian Grand Prix,Q,COL,Alpine,5,65.948,65.278,16.636,29.222,20.091,316.6,318.0,5,0,0,15
2025,Austrian Grand Prix,Q,STR,Aston Martin,3,65.715,65.329,16.58,29.31,19.825,318.0,319.0,3,0,0,16
2025,Austrian Grand Prix,Q,OCO,Haas F1 Team,3,65.643,65.364,16.62,29.19,19.833,318.3,319.0,3,0,0,17
2025,Austrian Grand Prix,Q,TSU,Red Bull Racing,2,65.378,65.369,16.551,29.037,19.79,320.0,321.0,2,0,0,18
2025,Austrian Grand Prix,Q,SAI,Williams,4,65.874,65.582,16.584,29.328,19.963,316.3,317.0,4,0,0,19
2025,Austrian Grand Prix,Q,HUL,Kick Sauber,3,65.687,65.606,16.59,29.203,19.894,317.0,319.0,3,0,0,20
2025,Austrian Grand Prix,R,PIA,McLaren,63,69.701,67.924,17.455,31.152,21.093,300.0,321.0,0,36,27,1
2025,Austrian Grand Prix,R,NOR,McLaren,63,69.675,68.272,17.532,31.048,21.095,294.7,304.0,0,33,30,2
2025,Austrian Grand Prix,R,HAM,Ferrari,63,70.122,68.628,17.557,31.23,21.336,295.4,310.0,0,41,22,3
2025,Austrian Grand Prix,R,LEC,Ferrari,63,69.945,68.765,17.563,31.139,21.244,295.8,305.0,0,41,22,4
2025,Austrian Grand Prix,R,STR,Aston Martin,62,71.136,69.214,17.659,31.751,21.725,298.1,316.0,15,22,25,5
2025,Austrian Grand Prix,R,BOR,Kick Sauber,62,70.686,69.247,17.712,31.52,21.454,293.6,321.0,0,43,19,6
2025,Austrian Grand Prix,R,RUS,Mercedes,63,70.599,69.372,17.625,31.553,21.421,297.6,317.0,0,39,24,7
2025,Austrian Grand Prix,R,HUL,Kick Sauber,62,70.781,69.459,17.661,31.595,21.525,294.3,320.0,8,54,0,8
2025,Austrian Grand Prix,R,OCO,Haas F1 Team,62,70.791,69.55,17.606,31.557,21.628,296.7,320.0,0,15,47,9
2025,Austrian Grand Prix,R,COL,Alpine,62,71.219,69.621,17.755,31.839,21.624,292.5,307.0,9,24,29,10
2025,Austrian Grand Prix,R,TSU,Red Bull Racing,59,71.092,69.802,17.628,31.704,21.761,301.2,318.0,7,42,10,11
2025,Austrian Grand Prix,R,ALO,Aston Martin,64,71.018,69.935,17.549,31.8,21.669,303.7,315.0,0,29,35,12
2025,Austrian Grand Prix,R,BEA,Haas F1 Team,62,71.076,69.96,17.669,31.719,21.688,294.4,313.0,7,29,26,13
2025,Austrian Grand Prix,R,LAW,Racing Bulls,65,70.942,69.977,17.736,31.637,21.569,291.8,309.0,0,28,37,14
2025,Austrian Grand Prix,R,GAS,Alpine,62,71.176,70.151,17.711,31.641,21.824,294.8,315.0,8,30,24,15
2025,Austrian Grand Prix,R,HAD,Racing Bulls,64,71.393,70.204,17.687,31.947,21.759,295.2,315.0,0,24,40,16
2025,Austrian Grand Prix,R,ALB,Williams,9,71.197,70.641,17.597,31.707,21.894,300.6,310.0,0,9,0,17
2025,Azerbaijan Grand Prix,Q,VER,Red Bull Racing,7,111.083,101.117,39.645,45.004,26.435,305.1,322.0,1,6,0,1
2025,Azerbaijan Grand Prix,Q,NOR,McLaren,4,101.841,101.322,35.735,41.093,25.014,320.3,322.0,3,1,0,2
2025,Azerbaijan Grand Prix,Q,PIA,McLaren,3,101.63,101.414,35.465,41.005,25.159,319.7,321.0,2,1,0,3
2025,Azerbaijan Grand Prix,Q,RUS,Mercedes,6,105.484,101.455,36.661,43.404,25.419,319.0,324.0,2,4,0,4
2025,Azerbaijan Grand Prix,Q,LEC,Ferrari,5,109.484,101.458,39.534,44.604,25.346,316.4,322.0,3,2,0,5
2025,Azerbaijan Grand Prix,Q,ANT,Mercedes,5,102.0,101.464,35.803,41.041,25.156,321.6,324.0,0,5,0,6
2025,Azerbaijan Grand Prix,Q,LAW,Racing Bulls,8,106.798,101.537,37.621,43.95,25.227,315.5,321.0,4,4,0,7
2025,Azerbaijan Grand Prix,Q,SAI,Williams,5,102.081,101.595,35.806,41.117,25.158,318.2,319.0,2,3,0,8
2025,Azerbaijan Grand Prix,Q,HAD,Racing Bulls,7,105.493,101.647,36.931,43.184,25.379,314.6,318.0,4,3,0,9
2025,Azerbaijan Grand Prix,Q,TSU,Red Bull Racing,8,111.669,101.788,40.507,45.429,25.733,311.8,321.0,2,6,0,10
2025,Azerbaijan Grand Prix,Q,HAM,Ferrari,7,114.795,101.821,41.217,47.798,25.78,313.0,320.0,7,0,0,11
2025,Azerbaijan Grand Prix,Q,ALO,Aston Martin,8,112.941,101.857,38.421,48.442,26.078,313.5,324.0,1,7,0,12
2025,Azerbaijan Grand Prix,Q,STR,Aston Martin,5,111.11,102.101,37.828,47.027,26.256,316.2,322.0,2,3,0,13
2025,Azerbaijan Grand Prix,Q,BOR,Kick Sauber,5,107.487,102.277,37.562,44.45,25.475,315.6,319.0,2,3,0,14
2025,Azerbaijan Grand Prix,Q,BEA,Haas F1 Team,4,113.463,102.666,42.863,44.959,25.641,312.0,322.0,4,0,0,15
2025,Azerbaijan Grand Prix,Q,COL,Alpine,2,103.418,102.779,36.284,42.104,25.03,322.5,323.0,2,0,0,16
2025,Azerbaijan Grand Prix,Q,HUL,Kick Sauber,2,103.588,102.916,36.481,42.017,25.091,318.5,320.0,2,0,0,17
2025,Azerbaijan Grand Prix,Q,OCO,Haas F1 Team,4,114.172,103.004,41.82,46.601,25.751,311.0,319.0,4,0,0,18
2025,Azerbaijan Grand Prix,Q,GAS,Alpine,2,103.321,103.139,36.412,41.801,25.108,320.0,321.0,2,0,0,19
2025,Azerbaijan Grand Prix,Q,ALB,Williams,2,119.493,103.778,46.954,46.805,25.734,314.0,319.0,2,0,0,20
2025,Azerbaijan Grand Prix,R,VER,Red Bull Racing,45,105.152,103.388,37.17,42.437,25.546,318.1,322.0,0,10,35,1
2025,Azerbaijan Grand Prix,R,RUS,Mercedes,45,105.491,103.754,37.474,42.691,25.326,322.0,329.0,0,11,34,2
2025,Azerbaijan Grand Prix,R,HAD,Racing Bulls,45,105.945,103.884,37.591,42.748,25.606,318.2,323.0,0,24,21,3
2025,Azerbaijan Grand Prix,R,SAI,Williams,45,105.523,103.972,37.261,42.655,25.608,317.7,321.0,0,22,23,4
2025,Azerbaijan Grand Prix,R,HAM,Ferrari,45,105.904,103.977,37.579,43.02,25.305,322.8,329.0,0,14,31,5
2025,Azerbaijan Grand Prix,R,ANT,Mercedes,45,105.546,104.091,37.445,42.825,25.277,324.1,329.0,0,13,32,6
2025,Azerbaijan Grand Prix,R,ALB,Williams,45,106.368,104.152,37.939,43.268,25.161,325.6,333.0,0,10,35,7
2025,Azerbaijan Grand Prix,R,NOR,McLaren,45,105.846,104.155,37.694,42.935,25.217,323.4,333.0,0,32,13,8
2025,Azerbaijan Grand Prix,R,LEC,Ferrari,45,105.861,104.274,37.646,42.966,25.249,324.2,327.0,0,14,31,9
2025,Azerbaijan Grand Prix,R,BEA,Haas F1 Team,45,106.506,104.288,38.01,43.325,25.171,324.7,333.0,0,22,23,10
2025,Azerbaijan Grand Prix,R,HUL,Kick Sauber,45,106.776,104.37,38.083,43.391,25.302,322.7,328.0,0,14,31,11
2025,Azerbaijan Grand Prix,R,TSU,Red Bull Racing,45,105.834,104.434,37.618,42.801,25.415,320.6,325.0,0,12,33,12
2025,Azerbaijan Grand Prix,R,LAW,Racing Bulls,45,105.811,104.531,37.524,42.822,25.464,320.2,326.0,0,15,30,13
2025,Azerbaijan Grand Prix,R,BOR,Kick Sauber,45,106.499,104.93,37.951,43.127,25.422,322.0,333.0,0,24,21,14
2025,Azerbaijan Grand Prix,R,ALO,Aston Martin,45,106.622,105.002,37.903,43.387,25.333,323.0,330.0,0,16,29,15
2025,Azerbaijan Grand Prix,R,STR,Aston Martin,45,107.076,105.083,38.131,43.41,25.535,319.4,325.0,0,32,13,16
2025,Azerbaijan Grand Prix,R,OCO,Haas F1 Team,47,107.122,105.388,38.156,43.592,25.375,322.7,327.0,0,0,47,17
2025,Azerbaijan Grand Prix,R,GAS,Alpine,44,107.425,105.492,38.305,43.826,25.294,324.8,331.0,0,14,30,18
2025,Azerbaijan Grand Prix,R,COL,Alpine,44,107.208,106.055,38.13,43.561,25.516,321.1,326.0,0,11,33,19
2025,Bahrain Grand Prix,Q,PIA,McLaren,4,90.48,89.841,28.964,38.875,22.642,314.8,316.0,4,0,0,1
2025,Bahrain Grand Prix,Q,RUS,Mercedes,6,90.98,90.009,29.031,39.234,22.715,317.0,318.0,6,0,0,2
2025,Bahrain Grand Prix,Q,LEC,Ferrari,5,90.953,90.175,29.057,39.195,22.7,321.2,327.0,5,0,0,3
2025,Bahrain Grand Prix,Q,ANT,Mercedes,6,91.144,90.213,29.199,39.304,22.641,315.3,317.0,6,0,0,4
2025,Bahrain Grand Prix,Q,GAS,Alpine,6,91.298,90.216,29.235,39.187,22.876,317.0,319.0,6,0,0,5
2025,Bahrain Grand Prix,Q,NOR,McLaren,5,90.686,90.267,29.019,39.008,22.659,315.4,317.0,5,0,0,6
2025,Bahrain Grand Prix,Q,VER,Red Bull Racing,4,91.201,90.423,29.157,39.18,22.864,319.3,320.0,4,0,0,7
2025,Bahrain Grand Prix,Q,SAI,Williams,6,91.397,90.68,29.196,39.32,22.881,314.0,316.0,6,0,0,8
2025,Bahrain Grand Prix,Q,HAM,Ferrari,5,91.274,90.772,29.073,39.364,22.837,318.2,322.0,5,0,0,9
2025,Bahrain Grand Prix,Q,TSU,Red Bull Racing,5,91.603,91.228,29.189,39.409,23.005,313.8,315.0,5,0,0,10
2025,Bahrain Grand Prix,Q,DOO,Alpine,4,91.481,91.245,29.281,39.32,22.88,316.5,319.0,4,0,0,11
2025,Bahrain Grand Prix,Q,HAD,Racing Bulls,3,91.857,91.271,29.373,39.577,22.906,319.0,321.0,3,0,0,12
2025,Bahrain Grand Prix,Q,OCO,Haas F1 Team,2,91.826,91.594,29.313,39.604,22.909,314.0,318.0,2,0,0,13
2025,Bahrain Grand Prix,Q,ALO,Aston Martin,4,91.949,91.634,29.281,39.587,23.082,317.0,319.0,4,0,0,14
2025,Bahrain Grand Prix,Q,HUL,Kick Sauber,5,92.07,91.693,29.324,39.694,23.052,319.4,325.0,5,0,0,15
2025,Bahrain Grand Prix,Q,ALB,Williams,2,92.252,92.04,29.332,39.767,23.154,319.0,323.0,2,0,0,16
2025,Bahrain Grand Prix,Q,LAW,Racing Bulls,2,92.277,92.165,29.402,39.844,23.031,316.5,317.0,2,0,0,17
2025,Bahrain Grand Prix,Q,BOR,Kick Sauber,2,92.451,92.186,29.549,39.792,23.111,318.5,319.0,2,0,0,18
2025,Bahrain Grand Prix,Q,STR,Aston Martin,3,92.854,92.283,29.553,40.026,23.274,315.7,317.0,3,0,0,19
2025,Bahrain Grand Prix,Q,BEA,Haas F1 Team,2,92.498,92.373,29.499,39.942,23.056,312.0,313.0,2,0,0,20
2025,Bahrain Grand Prix,R,PIA,McLaren,50,97.18,95.14,31.077,42.286,23.817,297.1,302.0,12,38,0,1
2025,Bahrain Grand Prix,R,RUS,Mercedes,30,98.081,95.518,31.279,42.789,24.013,301.6,315.0,13,17,0,2
2025,Bahrain Grand Prix,R,NOR,McLaren,50,97.568,95.728,31.188,42.37,24.011,308.8,330.0,8,42,0,3
2025,Bahrain Grand Prix,R,LEC,Ferrari,50,97.679,96.132,31.253,42.381,24.044,300.9,327.0,0,28,22,4
2025,Bahrain Grand Prix,R,VER,Red Bull Racing,48,98.083,96.167,31.157,42.679,24.247,310.6,331.0,8,26,14,5
2025,Bahrain Grand Prix,R,HAM,Ferrari,50,97.99,96.235,31.186,42.682,24.123,307.2,336.0,0,28,22,6
2025,Bahrain Grand Prix,R,GAS,Alpine,48,98.107,96.531,31.434,42.504,24.169,294.9,321.0,8,16,24,7
2025,Bahrain Grand Prix,R,DOO,Alpine,48,98.605,96.682,31.476,42.881,24.248,303.5,325.0,7,17,24,8
2025,Bahrain Grand Prix,R,ANT,Mercedes,48,98.363,96.69,31.148,43.04,24.175,318.3,340.0,35,13,0,9
2025,Bahrain Grand Prix,R,HAD,Racing Bulls,48,98.802,96.952,31.416,43.142,24.243,305.8,333.0,4,20,24,10
2025,Bahrain Grand Prix,R,SAI,Williams,36,99.146,96.954,31.472,43.321,24.353,310.5,327.0,12,16,8,11
2025,Bahrain Grand Prix,R,OCO,Haas F1 Team,48,98.298,97.098,31.269,42.814,24.215,304.9,323.0,6,17,25,12
2025,Bahrain Grand Prix,R,ALB,Williams,50,98.657,97.141,31.264,43.131,24.262,314.2,338.0,14,22,14,13
2025,Bahrain Grand Prix,R,TSU,Red Bull Racing,50,98.597,97.225,31.241,43.042,24.313,308.3,328.0,31,19,0,14
2025,Bahrain Grand Prix,R,BEA,Haas F1 Team,50,98.695,97.303,31.29,43.153,24.252,311.6,336.0,34,0,16,15
2025,Bahrain Grand Prix,R,HUL,Kick Sauber,48,98.82,97.338,31.393,43.112,24.315,303.7,335.0,3,45,0,16
2025,Bahrain Grand Prix,R,LAW,Racing Bulls,50,98.872,97.38,31.365,43.145,24.363,308.9,337.0,22,12,16,17
2025,Bahrain Grand Prix,R,ALO,Aston Martin,50,99.041,97.906,31.541,43.094,24.406,303.8,331.0,0,28,22,18
2025,Bahrain Grand Prix,R,BOR,Kick Sauber,50,99.341,98.006,31.436,43.365,24.541,309.6,337.0,0,33,17,19
2025,Bahrain Grand Prix,R,STR,Aston Martin,50,99.242,98.064,31.461,43.327,24.453,306.0,329.0,10,18,22,20
2025,Belgian Grand Prix,Q,NOR,McLaren,7,107.116,100.562,32.025,45.593,29.499,299.6,314.0,7,0,0,1
2025,Belgian Grand Prix,Q,PIA,McLaren,9,109.618,100.626,32.592,46.495,30.531,296.0,314.0,9,0,0,2
2025,Belgian Grand Prix,Q,LEC,Ferrari,4,101.239,100.9,29.958,43.259,28.023,313.5,315.0,4,0,0,3
2025,Belgian Grand Prix,Q,VER,Red Bull Racing,5,101.266,100.903,30.201,43.037,28.028,310.8,312.0,5,0,0,4
2025,Belgian Grand Prix,Q,ALB,Williams,6,101.7,101.201,30.077,43.531,28.092,312.0,314.0,6,0,0,5
2025,Belgian Grand Prix,Q,TSU,Red Bull Racing,5,101.754,101.245,30.138,43.494,28.122,311.8,313.0,5,0,0,6
2025,Belgian Grand Prix,Q,RUS,Mercedes,6,101.63,101.254,29.957,43.763,27.911,315.5,317.0,6,0,0,7
2025,Belgian Grand Prix,Q,HAD,Racing Bulls,6,101.744,101.281,30.145,43.467,28.132,312.0,314.0,6,0,0,8
2025,Belgian Grand Prix,Q,LAW,Racing Bulls,6,101.666,101.297,30.088,43.503,28.075,313.0,315.0,6,0,0,9
2025,Belgian Grand Prix,Q,BOR,Kick Sauber,6,102.235,101.336,30.182,43.875,28.178,311.3,314.0,6,0,0,10
2025,Belgian Grand Prix,Q,OCO,Haas F1 Team,4,101.891,101.525,29.941,43.95,28.0,316.0,318.0,4,0,0,11
2025,Belgian Grand Prix,Q,BEA,Haas F1 Team,3,101.713,101.617,30.303,43.135,28.275,309.0,311.0,3,0,0,12
2025,Belgian Grand Prix,Q,GAS,Alpine,4,101.893,101.633,30.06,43.849,27.984,317.0,318.0,4,0,0,13
2025,Belgian Grand Prix,Q,HAM,Ferrari,2,101.802,101.664,30.01,43.725,28.067,314.0,315.0,2,0,0,14
2025,Belgian Grand Prix,Q,SAI,Williams,3,101.826,101.691,30.161,43.499,28.166,312.3,313.0,3,0,0,15
2025,Belgian Grand Prix,Q,HUL,Kick Sauber,4,101.925,101.707,30.21,43.474,28.24,311.3,313.0,4,0,0,16
2025,Belgian Grand Prix,Q,COL,Alpine,2,102.284,102.022,30.068,44.185,28.031,318.5,319.0,2,0,0,17
2025,Belgian Grand Prix,Q,ANT,Mercedes,2,102.435,102.139,30.113,44.343,27.98,315.5,316.0,2,0,0,18
2025,Belgian Grand Prix,Q,ALO,Aston Martin,2,102.443,102.385,30.228,43.988,28.226,309.0,310.0,2,0,0,19
2025,Belgian Grand Prix,Q,STR,Aston Martin,2,102.593,102.502,30.252,44.071,28.271,310.0,311.0,2,0,0,20
2025,Belgian Grand Prix,R,ANT,Mercedes,36,110.931,104.861,31.486,49.946,29.499,309.3,318.0,0,16,0,1
2025,Belgian Grand Prix,R,HUL,Kick Sauber,36,110.519,105.068,31.627,49.328,29.563,308.9,321.0,0,19,0,2
2025,Belgian Grand Prix,R,NOR,McLaren,38,109.445,105.257,31.656,48.44,29.348,310.4,317.0,0,0,30,3
2025,Belgian Grand Prix,R,PIA,McLaren,38,109.281,105.706,31.599,48.331,29.35,309.5,316.0,0,31,0,4
2025,Belgian Grand Prix,R,ALO,Aston Martin,36,110.783,105.849,31.628,49.55,29.605,307.1,316.0,0,16,0,5
2025,Belgian Grand Prix,R,SAI,Williams,36,110.898,106.073,31.797,49.392,29.709,305.6,315.0,0,12,17,6
2025,Belgian Grand Prix,R,VER,Red Bull Racing,38,109.663,106.096,31.635,48.658,29.37,311.6,316.0,0,31,0,7
2025,Belgian Grand Prix,R,COL,Alpine,36,111.217,106.104,31.554,50.191,29.472,313.2,321.0,0,14,0,8
2025,Belgian Grand Prix,R,LEC,Ferrari,38,109.633,106.174,31.489,48.788,29.355,311.1,316.0,0,31,0,9
2025,Belgian Grand Prix,R,HAM,Ferrari,38,109.933,106.534,31.531,49.029,29.372,309.1,315.0,0,32,0,10
2025,Belgian Grand Prix,R,RUS,Mercedes,38,110.045,106.566,31.421,49.34,29.284,312.0,318.0,0,31,0,11
2025,Belgian Grand Prix,R,LAW,Racing Bulls,38,110.419,106.649,31.806,49.223,29.39,310.2,315.0,0,31,0,12
2025,Belgian Grand Prix,R,BEA,Haas F1 Team,38,110.933,106.709,31.6,49.734,29.6,309.3,321.0,0,31,0,13
2025,Belgian Grand Prix,R,OCO,Haas F1 Team,38,111.268,106.744,31.55,50.206,29.512,310.8,319.0,0,30,0,14
2025,Belgian Grand Prix,R,ALB,Williams,38,110.199,106.813,31.602,49.22,29.377,310.1,315.0,0,31,0,15
2025,Belgian Grand Prix,R,BOR,Kick Sauber,38,110.535,106.966,31.757,49.339,29.439,308.7,316.0,0,31,0,16
2025,Belgian Grand Prix,R,GAS,Alpine,38,110.784,107.177,31.535,49.859,29.391,311.1,319.0,0,32,0,17
2025,Belgian Grand Prix,R,STR,Aston Martin,38,111.106,107.212,31.749,49.763,29.594,305.8,318.0,0,31,0,18
2025,Belgian Grand Prix,R,TSU,Red Bull Racing,38,111.139,107.241,31.641,49.924,29.574,310.3,318.0,0,30,0,19
2025,Belgian Grand Prix,R,HAD,Racing Bulls,35,112.002,107.667,32.192,49.98,29.829,305.7,312.0,0,5,22,20
2025,British Grand Prix,Q,VER,Red Bull Racing,6,85.467,84.892,27.717,34.279,23.471,324.8,328.0,6,0,0,1
2025,British Grand Prix,Q,PIA,McLaren,7,90.25,84.995,28.297,36.664,25.289,293.4,319.0,7,0,0,2
2025,British Grand Prix,Q,NOR,McLaren,8,94.083,85.01,31.38,37.643,25.059,306.6,321.0,8,0,0,3
2025,British Grand Prix,Q,RUS,Mercedes,7,90.504,85.029,28.178,36.992,25.333,297.1,322.0,7,0,0,4
2025,British Grand Prix,Q,HAM,Ferrari,7,91.06,85.084,29.841,36.645,24.573,315.9,324.0,7,0,0,5
2025,British Grand Prix,Q,LEC,Ferrari,9,97.656,85.121,31.017,39.992,26.647,288.9,322.0,9,0,0,6
2025,British Grand Prix,Q,ANT,Mercedes,6,86.048,85.374,27.793,34.646,23.608,319.5,323.0,6,0,0,7
2025,British Grand Prix,Q,BEA,Haas F1 Team,6,85.87,85.471,27.77,34.509,23.591,316.7,319.0,6,0,0,8
2025,British Grand Prix,Q,ALO,Aston Martin,5,85.766,85.593,27.736,34.425,23.605,321.4,323.0,5,0,0,9
2025,British Grand Prix,Q,GAS,Alpine,9,94.673,85.711,31.19,38.102,25.381,306.4,324.0,9,0,0,10
2025,British Grand Prix,Q,SAI,Williams,4,86.067,85.746,27.689,34.647,23.732,322.0,325.0,4,0,0,11
2025,British Grand Prix,Q,TSU,Red Bull Racing,5,92.638,85.826,28.982,38.681,24.974,300.2,326.0,5,0,0,12
2025,British Grand Prix,Q,HAD,Racing Bulls,4,86.079,85.864,27.929,34.576,23.574,318.5,321.0,4,0,0,13
2025,British Grand Prix,Q,ALB,Williams,4,86.074,85.889,27.805,34.617,23.652,321.0,322.0,4,0,0,14
2025,British Grand Prix,Q,OCO,Haas F1 Team,4,86.224,85.95,27.867,34.625,23.732,316.3,319.0,4,0,0,15
2025,British Grand Prix,Q,LAW,Racing Bulls,2,86.523,86.44,28.053,34.79,23.68,317.0,317.0,2,0,0,16
2025,British Grand Prix,Q,BOR,Kick Sauber,3,86.875,86.446,28.097,34.946,23.832,317.3,319.0,3,0,0,17
2025,British Grand Prix,Q,STR,Aston Martin,3,86.823,86.504,27.995,35.017,23.811,321.3,324.0,3,0,0,18
2025,British Grand Prix,Q,HUL,Kick Sauber,3,87.025,86.574,28.27,35.042,23.713,318.7,320.0,3,0,0,19
2025,British Grand Prix,Q,COL,Alpine,4,112.547,87.06,35.644,43.219,33.685,308.0,325.0,4,0,0,20
2025,British Grand Prix,R,PIA,McLaren,33,99.409,89.337,31.284,40.906,27.219,307.5,318.0,0,8,0,1
2025,British Grand Prix,R,NOR,McLaren,33,99.588,89.734,31.425,40.987,27.176,306.0,313.0,0,7,0,2
2025,British Grand Prix,R,HAM,Ferrari,32,100.236,90.016,31.513,41.277,27.446,307.8,323.0,10,0,0,3
2025,British Grand Prix,R,ALB,Williams,33,101.484,90.047,31.832,41.939,27.712,313.4,331.0,0,9,0,4
2025,British Grand Prix,R,VER,Red Bull Racing,33,100.95,90.179,31.719,41.693,27.538,312.2,330.0,0,10,0,5
2025,British Grand Prix,R,ALO,Aston Martin,32,100.791,90.353,31.714,41.662,27.415,311.9,335.0,0,14,0,6
2025,British Grand Prix,R,SAI,Williams,32,101.482,90.645,31.768,41.893,27.821,311.2,324.0,0,10,0,7
2025,British Grand Prix,R,GAS,Alpine,32,100.918,90.751,31.847,41.554,27.518,307.9,334.0,0,10,0,8
2025,British Grand Prix,R,OCO,Haas F1 Team,34,101.886,90.818,31.982,42.134,27.77,306.0,334.0,0,9,0,9
2025,British Grand Prix,R,LEC,Ferrari,33,101.164,90.819,32.008,41.366,27.789,307.7,330.0,9,3,0,10
2025,British Grand Prix,R,RUS,Mercedes,33,100.847,90.869,31.647,41.506,27.695,312.5,330.0,0,0,16,11
2025,British Grand Prix,R,TSU,Red Bull Racing,31,102.637,90.873,32.108,42.573,27.956,314.2,322.0,0,9,0,12
2025,British Grand Prix,R,BEA,Haas F1 Team,33,101.346,90.921,31.914,41.531,27.901,312.4,344.0,0,10,3,13
2025,British Grand Prix,R,HUL,Kick Sauber,32,100.31,90.933,31.751,41.27,27.29,303.0,322.0,0,9,0,14
2025,British Grand Prix,R,STR,Aston Martin,32,100.846,92.088,31.791,41.497,27.559,307.0,315.0,12,0,0,15
2025,British Grand Prix,R,HAD,Racing Bulls,4,106.836,101.705,34.386,41.034,31.416,308.5,314.0,0,3,0,16
2025,British Grand Prix,R,ANT,Mercedes,4,109.131,105.576,34.193,44.348,30.591,307.0,309.0,0,0,1,17
2025,Canadian Grand Prix,Q,RUS,Mercedes,7,71.851,70.899,20.166,22.63,29.056,328.0,329.0,5,2,0,1
2025,Canadian Grand Prix,Q,VER,Red Bull Racing,8,75.033,71.059,21.166,23.554,30.314,321.6,336.0,4,4,0,2
2025,Canadian Grand Prix,Q,PIA,McLaren,11,80.984,71.12,22.63,25.378,32.975,289.3,331.0,11,0,0,3
2025,Canadian Grand Prix,Q,ANT,Mercedes,7,72.08,71.391,20.255,22.765,29.06,329.1,332.0,3,4,0,4
2025,Canadian Grand Prix,Q,HAM,Ferrari,15,85.765,71.526,24.033,27.359,34.373,283.7,333.0,15,0,0,5
2025,Canadian Grand Prix,Q,ALO,Aston Martin,15,81.542,71.586,22.754,25.63,33.158,279.8,333.0,3,12,0,6
2025,Canadian Grand Prix,Q,NOR,McLaren,10,77.186,71.599,21.993,24.659,30.534,315.7,333.0,10,0,0,7
2025,Canadian Grand Prix,Q,LEC,Ferrari,15,84.941,71.626,24.325,26.873,33.743,274.2,333.0,15,0,0,8
2025,Canadian Grand Prix,Q,HAD,Racing Bulls,9,79.879,71.867,22.523,25.02,32.336,287.7,330.0,9,0,0,9
2025,Canadian Grand Prix,Q,ALB,Williams,15,79.657,71.892,22.17,24.984,32.503,314.5,332.0,8,7,0,10
2025,Canadian Grand Prix,Q,TSU,Red Bull Racing,5,72.53,72.102,20.302,22.883,29.345,332.4,336.0,5,0,0,11
2025,Canadian Grand Prix,Q,COL,Alpine,10,83.335,72.142,23.752,25.825,33.758,276.8,329.0,5,5,0,12
2025,Canadian Grand Prix,Q,HUL,Kick Sauber,8,79.339,72.183,21.148,23.902,34.289,266.1,329.0,8,0,0,13
2025,Canadian Grand Prix,Q,BEA,Haas F1 Team,9,82.855,72.306,23.249,26.213,33.394,285.3,329.0,9,0,0,14
2025,Canadian Grand Prix,Q,OCO,Haas F1 Team,11,80.108,72.378,22.483,24.985,32.64,268.9,328.0,11,0,0,15
2025,Canadian Grand Prix,Q,BOR,Kick Sauber,5,80.765,72.385,22.009,25.926,32.83,285.8,330.0,5,0,0,16
2025,Canadian Grand Prix,Q,SAI,Williams,7,81.137,72.398,22.249,25.412,33.476,310.3,330.0,7,0,0,17
2025,Canadian Grand Prix,Q,STR,Aston Martin,6,80.051,72.517,22.664,24.863,32.524,292.5,333.0,3,3,0,18
2025,Canadian Grand Prix,Q,LAW,Racing Bulls,6,85.776,72.525,24.321,27.297,34.157,264.7,329.0,6,0,0,19
2025,Canadian Grand Prix,Q,GAS,Alpine,6,82.057,72.667,23.534,25.061,33.462,290.0,330.0,3,3,0,20
2025,Canadian Grand Prix,R,RUS,Mercedes,61,75.529,74.119,21.14,23.938,30.451,308.9,326.0,0,11,50,1
2025,Canadian Grand Prix,R,NOR,McLaren,61,75.602,74.229,21.166,24.031,30.406,313.0,337.0,0,16,45,2
2025,Canadian Grand Prix,R,PIA,McLaren,61,75.601,74.255,21.181,23.982,30.437,312.0,336.0,0,14,47,3
2025,Canadian Grand Prix,R,LEC,Ferrari,61,75.859,74.261,21.246,24.061,30.552,311.5,335.0,0,12,49,4
2025,Canadian Grand Prix,R,VER,Red Bull Racing,61,75.547,74.287,21.146,23.947,30.455,313.4,334.0,0,10,51,5
2025,Canadian Grand Prix,R,SAI,Williams,62,77.091,74.389,21.666,24.463,30.962,312.0,332.0,0,7,55,6
2025,Canadian Grand Prix,R,ANT,Mercedes,61,75.57,74.455,21.143,23.972,30.455,312.1,332.0,0,12,49,7
2025,Canadian Grand Prix,R,OCO,Haas F1 Team,62,77.045,74.593,21.693,24.41,30.941,310.3,335.0,0,7,55,8
2025,Canadian Grand Prix,R,HAM,Ferrari,60,76.176,74.805,21.325,24.065,30.786,310.7,335.0,0,13,47,9
2025,Canadian Grand Prix,R,STR,Aston Martin,60,76.959,74.902,21.711,24.356,30.892,320.1,340.0,0,13,47,10
2025,Canadian Grand Prix,R,GAS,Alpine,62,77.361,74.993,21.79,24.517,31.053,315.5,342.0,0,11,51,11
2025,Canadian Grand Prix,R,ALO,Aston Martin,60,76.595,75.024,21.45,24.266,30.879,314.6,334.0,0,13,47,12
2025,Canadian Grand Prix,R,TSU,Red Bull Racing,62,77.323,75.358,21.777,24.422,31.125,318.5,341.0,0,8,54,13
2025,Canadian Grand Prix,R,HUL,Kick Sauber,62,76.882,75.372,21.603,24.387,30.892,314.1,341.0,0,17,45,14
2025,Canadian Grand Prix,R,BEA,Haas F1 Team,62,77.2,75.397,21.861,24.429,30.91,320.0,341.0,0,16,46,15
2025,Canadian Grand Prix,R,BOR,Kick Sauber,62,77.375,75.414,21.88,24.562,30.934,315.4,344.0,0,15,47,16
2025,Canadian Grand Prix,R,COL,Alpine,62,77.35,76.076,21.723,24.407,31.219,310.6,332.0,0,12,50,17
2025,Canadian Grand Prix,R,ALB,Williams,43,77.571,76.197,21.863,24.598,31.11,318.4,339.0,0,21,22,18
2025,Canadian Grand Prix,R,HAD,Racing Bulls,62,77.388,76.292,21.948,24.507,30.933,322.8,340.0,0,11,51,19
2025,Canadian Grand Prix,R,LAW,Racing Bulls,50,77.764,76.32,21.831,24.742,31.19,317.3,339.0,0,14,36,20
2025,Chinese Grand Prix,Q,PIA,McLaren,8,101.29,90.641,27.301,30.492,43.497,320.4,330.0,8,0,0,1
2025,Chinese Grand Prix,Q,RUS,Mercedes,10,103.75,90.723,28.251,30.962,44.537,316.0,338.0,10,0,0,2
2025,Chinese Grand Prix,Q,NOR,McLaren,7,103.848,90.787,28.153,30.441,45.254,305.4,332.0,7,0,0,3
2025,Chinese Grand Prix,Q,VER,Red Bull Racing,5,91.108,90.817,24.113,27.364,39.631,334.4,339.0,5,0,0,4
2025,Chinese Grand Prix,Q,HAM,Ferrari,9,100.563,90.927,27.866,29.806,42.89,314.4,333.0,9,0,0,5
2025,Chinese Grand Prix,Q,LEC,Ferrari,9,100.436,91.021,27.484,29.643,43.309,311.6,335.0,9,0,0,6
2025,Chinese Grand Prix,Q,HAD,Racing Bulls,6,91.433,91.079,24.265,27.364,39.803,329.8,331.0,6,0,0,7
2025,Chinese Grand Prix,Q,ANT,Mercedes,9,98.987,91.103,26.236,30.431,42.32,321.3,333.0,9,0,0,8
2025,Chinese Grand Prix,Q,TSU,Racing Bulls,5,91.452,91.238,24.249,27.364,39.839,330.8,331.0,5,0,0,9
2025,Chinese Grand Prix,Q,ALB,Williams,6,91.719,91.503,24.288,27.597,39.834,329.8,332.0,6,0,0,10
2025,Chinese Grand Prix,Q,OCO,Haas F1 Team,5,91.976,91.625,24.334,27.577,40.064,326.4,327.0,5,0,0,11
2025,Chinese Grand Prix,Q,SAI,Williams,5,92.137,91.628,24.388,27.577,40.172,331.8,333.0,5,0,0,12
2025,Chinese Grand Prix,Q,HUL,Kick Sauber,5,91.998,91.632,24.314,27.635,40.049,332.6,335.0,5,0,0,13
2025,Chinese Grand Prix,Q,ALO,Aston Martin,5,92.105,91.688,24.211,27.74,40.154,327.0,330.0,5,0,0,14
2025,Chinese Grand Prix,Q,STR,Aston Martin,5,92.147,91.773,24.347,27.622,40.179,330.0,333.0,5,0,0,15
2025,Chinese Grand Prix,Q,GAS,Alpine,3,92.172,91.992,24.267,27.744,40.161,329.7,331.0,3,0,0,16
2025,Chinese Grand Prix,Q,BEA,Haas F1 Team,2,92.394,92.018,24.569,27.729,40.097,328.0,329.0,2,0,0,17
2025,Chinese Grand Prix,Q,DOO,Alpine,2,92.302,92.092,24.48,27.654,40.168,330.0,331.0,2,0,0,18
2025,Chinese Grand Prix,Q,BOR,Kick Sauber,3,92.411,92.141,24.503,27.731,40.178,331.7,333.0,3,0,0,19
2025,Chinese Grand Prix,Q,LAW,Red Bull Racing,2,92.333,92.174,24.539,27.636,40.158,331.5,332.0,2,0,0,20
2025,Chinese Grand Prix,R,HAM,Ferrari,51,96.952,95.069,25.881,29.266,41.805,318.4,351.0,0,11,40,1
2025,Chinese Grand Prix,R,NOR,McLaren,53,97.105,95.454,25.958,29.354,41.793,313.7,339.0,0,13,40,2
2025,Chinese Grand Prix,R,VER,Red Bull Racing,53,97.199,95.488,25.982,29.432,41.785,317.1,341.0,0,11,42,3
2025,Chinese Grand Prix,R,PIA,McLaren,53,96.916,95.52,25.987,29.256,41.673,314.5,338.0,0,12,41,4
2025,Chinese Grand Prix,R,OCO,Haas F1 Team,53,97.754,95.74,26.158,29.576,42.02,316.4,341.0,0,9,44,5
2025,Chinese Grand Prix,R,RUS,Mercedes,53,97.143,95.816,26.038,29.393,41.712,319.5,339.0,0,12,41,6
2025,Chinese Grand Prix,R,HAD,Racing Bulls,51,97.894,95.868,26.146,29.659,42.089,323.2,344.0,0,10,41,7
2025,Chinese Grand Prix,R,TSU,Racing Bulls,48,97.803,95.871,26.19,29.598,42.015,319.5,338.0,0,17,31,8
2025,Chinese Grand Prix,R,BOR,Kick Sauber,51,98.133,95.874,26.194,29.61,42.33,310.4,336.0,0,0,51,9
2025,Chinese Grand Prix,R,LAW,Red Bull Racing,51,97.824,95.985,26.027,29.668,42.128,318.4,337.0,0,10,41,10
2025,Chinese Grand Prix,R,STR,Aston Martin,53,98.144,96.044,26.212,29.633,42.299,317.3,339.0,0,19,34,11
2025,Chinese Grand Prix,R,ANT,Mercedes,53,97.821,96.046,26.173,29.659,41.988,319.6,344.0,0,10,43,12
2025,Chinese Grand Prix,R,LEC,Ferrari,53,97.33,96.157,26.005,29.558,41.766,320.2,345.0,0,13,40,13
2025,Chinese Grand Prix,R,ALB,Williams,53,97.797,96.254,26.158,29.602,42.037,318.1,338.0,0,18,35,14
2025,Chinese Grand Prix,R,BEA,Haas F1 Team,53,97.924,96.363,26.205,29.726,41.993,316.9,343.0,0,29,24,15
2025,Chinese Grand Prix,R,DOO,Alpine,53,98.231,96.424,26.273,29.688,42.27,313.0,345.0,0,9,44,16
2025,Chinese Grand Prix,R,GAS,Alpine,53,98.049,96.425,26.124,29.623,42.303,311.4,337.0,0,8,45,17
2025,Chinese Grand Prix,R,SAI,Williams,53,98.162,96.779,26.199,29.715,42.248,318.6,336.0,0,15,38,18
2025,Chinese Grand Prix,R,HUL,Kick Sauber,52,98.89,97.275,26.338,29.974,42.577,312.1,331.0,0,18,34,19
2025,Chinese Grand Prix,R,ALO,Aston Martin,2,99.423,99.256,26.441,30.371,42.612,330.0,333.0,0,2,0,20
2025,Dutch Grand Prix,Q,PIA,McLaren,6,69.141,68.662,23.572,24.593,20.976,326.3,329.0,6,0,0,1
2025,Dutch Grand Prix,Q,NOR,McLaren,6,69.154,68.674,23.566,24.612,20.975,325.8,328.0,6,0,0,2
2025,Dutch Grand Prix,Q,VER,Red Bull Racing,6,69.314,68.925,23.733,24.536,21.044,328.7,331.0,6,0,0,3
2025,Dutch Grand Prix,Q,HAD,Racing Bulls,6,69.66,69.208,23.842,24.73,21.087,327.8,329.0,6,0,0,4
2025,Dutch Grand Prix,Q,RUS,Mercedes,6,69.545,69.255,23.772,24.678,21.094,326.2,328.0,6,0,0,5
2025,Dutch Grand Prix,Q,HAM,Ferrari,6,69.74,69.261,23.947,24.684,21.109,327.7,331.0,6,0,0,6
2025,Dutch Grand Prix,Q,LEC,Ferrari,7,69.875,69.304,23.92,24.814,21.142,325.7,328.0,7,0,0,7
2025,Dutch Grand Prix,Q,ALO,Aston Martin,5,69.708,69.366,23.849,24.695,21.164,329.8,331.0,5,0,0,8
2025,Dutch Grand Prix,Q,LAW,Racing Bulls,6,69.82,69.383,23.937,24.717,21.166,327.7,329.0,6,0,0,9
2025,Dutch Grand Prix,Q,SAI,Williams,6,69.836,69.472,23.829,24.834,21.174,329.3,332.0,6,0,0,10
2025,Dutch Grand Prix,Q,ANT,Mercedes,4,69.736,69.493,23.966,24.649,21.122,326.5,327.0,4,0,0,11
2025,Dutch Grand Prix,Q,BOR,Kick Sauber,4,69.964,69.622,24.032,24.849,21.083,329.0,331.0,4,0,0,12
2025,Dutch Grand Prix,Q,TSU,Red Bull Racing,5,70.064,69.622,23.91,24.881,21.273,329.2,332.0,5,0,0,12
2025,Dutch Grand Prix,Q,GAS,Alpine,5,70.158,69.637,24.18,24.774,21.204,328.6,329.0,5,0,0,14
2025,Dutch Grand Prix,Q,ALB,Williams,4,69.951,69.652,23.795,25.015,21.142,331.0,334.0,4,0,0,15
2025,Dutch Grand Prix,Q,COL,Alpine,3,70.599,70.104,24.243,24.967,21.389,329.7,331.0,3,0,0,16
2025,Dutch Grand Prix,Q,HUL,Kick Sauber,3,70.44,70.195,24.185,24.918,21.338,328.7,332.0,3,0,0,17
2025,Dutch Grand Prix,Q,OCO,Haas F1 Team,3,70.674,70.197,24.28,25.036,21.359,326.0,328.0,3,0,0,18
2025,Dutch Grand Prix,Q,BEA,Haas F1 Team,3,70.335,70.262,24.194,24.943,21.198,324.3,326.0,3,0,0,19
2025,Dutch Grand Prix,R,PIA,McLaren,56,74.482,72.271,25.305,26.706,22.47,293.0,299.0,0,21,35,1
2025,Dutch Grand Prix,R,NOR,McLaren,52,74.665,72.379,25.316,26.824,22.525,294.7,315.0,0,21,31,2
2025,Dutch Grand Prix,R,VER,Red Bull Racing,56,75.105,72.921,25.431,27.119,22.554,296.4,306.0,32,24,0,3
2025,Dutch Grand Prix,R,COL,Alpine,54,76.469,73.049,26.074,27.55,22.845,304.6,325.0,21,7,26,4
2025,Dutch Grand Prix,R,HAD,Racing Bulls,56,75.202,73.327,25.409,27.232,22.561,297.7,311.0,11,21,24,5
2025,Dutch Grand Prix,R,ANT,Mercedes,54,75.635,73.48,25.66,27.337,22.638,305.4,323.0,11,21,22,6
2025,Dutch Grand Prix,R,ALB,Williams,56,75.758,73.687,25.648,27.464,22.646,307.3,327.0,11,21,24,7
2025,Dutch Grand Prix,R,ALO,Aston Martin,52,76.108,73.719,25.878,27.31,22.92,312.1,332.0,0,16,36,8
2025,Dutch Grand Prix,R,RUS,Mercedes,56,75.56,73.728,25.616,27.291,22.653,306.0,323.0,11,21,24,9
2025,Dutch Grand Prix,R,SAI,Williams,52,75.917,73.808,25.699,27.436,22.782,303.8,322.0,31,21,0,10
2025,Dutch Grand Prix,R,STR,Aston Martin,53,76.149,73.822,25.956,27.313,22.88,306.8,334.0,0,6,47,11
2025,Dutch Grand Prix,R,LAW,Racing Bulls,53,75.943,73.879,25.833,27.289,22.821,297.4,324.0,32,21,0,12
2025,Dutch Grand Prix,R,BEA,Haas F1 Team,56,76.447,73.95,25.976,27.615,22.857,311.2,330.0,0,11,45,13
2025,Dutch Grand Prix,R,OCO,Haas F1 Team,55,76.607,73.986,26.063,27.577,22.967,302.5,335.0,0,11,44,14
2025,Dutch Grand Prix,R,BOR,Kick Sauber,53,76.76,74.307,26.065,27.695,23.0,305.5,326.0,7,20,26,15
2025,Dutch Grand Prix,R,TSU,Red Bull Racing,54,76.378,74.354,26.004,27.588,22.786,298.9,321.0,28,0,26,16
2025,Dutch Grand Prix,R,LEC,Ferrari,43,75.645,74.557,25.764,27.233,22.648,304.7,320.0,0,20,23,17
2025,Dutch Grand Prix,R,HUL,Kick Sauber,53,76.598,74.912,26.108,27.561,22.929,306.2,330.0,17,11,25,18
2025,Dutch Grand Prix,R,GAS,Alpine,56,76.734,75.248,26.082,27.64,23.012,306.6,322.0,0,21,35,19
2025,Dutch Grand Prix,R,HAM,Ferrari,21,76.307,75.684,25.95,27.526,22.831,299.9,313.0,0,21,0,20
2025,Emilia Romagna Grand Prix,Q,PIA,McLaren,7,85.638,74.67,29.169,28.551,27.918,274.6,300.0,7,0,0,1
2025,Emilia Romagna Grand Prix,Q,VER,Red Bull Racing,5,75.089,74.704,23.716,26.054,25.319,299.2,301.0,5,0,0,2
2025,Emilia Romagna Grand Prix,Q,RUS,Mercedes,5,75.317,74.807,23.814,26.094,25.408,300.2,302.0,4,1,0,3
2025,Emilia Romagna Grand Prix,Q,NOR,McLaren,6,75.479,74.962,23.948,26.124,25.407,298.3,301.0,6,0,0,4
2025,Emilia Romagna Grand Prix,Q,SAI,Williams,7,75.975,75.198,23.909,26.276,25.79,297.3,299.0,7,0,0,5
2025,Emilia Romagna Grand Prix,Q,ALO,Aston Martin,6,75.773,75.431,24.02,26.144,25.609,298.3,299.0,4,2,0,6
2025,Emilia Romagna Grand Prix,Q,ALB,Williams,6,75.974,75.473,23.883,26.298,25.793,297.2,298.0,6,0,0,7
2025,Emilia Romagna Grand Prix,Q,STR,Aston Martin,7,75.976,75.497,24.029,26.289,25.658,298.0,299.0,4,3,0,8
2025,Emilia Romagna Grand Prix,Q,GAS,Alpine,5,75.962,75.505,24.045,26.315,25.603,301.2,302.0,5,0,0,9
2025,Emilia Romagna Grand Prix,Q,HAD,Racing Bulls,4,75.827,75.51,24.06,26.214,25.553,300.0,300.0,4,0,0,10
2025,Emilia Romagna Grand Prix,Q,LEC,Ferrari,4,75.993,75.604,24.121,26.337,25.535,301.0,302.0,4,0,0,11
2025,Emilia Romagna Grand Prix,Q,HAM,Ferrari,4,76.049,75.765,24.137,26.367,25.546,300.3,301.0,4,0,0,12
2025,Emilia Romagna Grand Prix,Q,ANT,Mercedes,4,75.957,75.772,24.14,26.16,25.657,297.3,298.0,4,0,0,13
2025,Emilia Romagna Grand Prix,Q,BEA,Haas F1 Team,3,76.644,76.077,24.375,26.521,25.748,300.0,301.0,3,0,0,14
2025,Emilia Romagna Grand Prix,Q,COL,Alpine,1,76.256,76.256,24.16,26.391,25.705,303.0,303.0,1,0,0,15
2025,Emilia Romagna Grand Prix,Q,BOR,Kick Sauber,5,76.53,76.26,24.189,26.542,25.799,298.6,300.0,5,0,0,16
2025,Emilia Romagna Grand Prix,Q,LAW,Racing Bulls,1,76.379,76.379,24.297,26.369,25.713,298.0,298.0,1,0,0,17
2025,Emilia Romagna Grand Prix,Q,HUL,Kick Sauber,3,76.786,76.518,24.241,26.533,26.012,299.0,299.0,3,0,0,18
2025,Emilia Romagna Grand Prix,Q,OCO,Haas F1 Team,3,76.978,76.613,24.464,26.724,25.79,299.0,300.0,3,0,0,19
2025,Emilia Romagna Grand Prix,R,VER,Red Bull Racing,51,80.305,77.988,25.528,27.923,26.854,287.8,300.0,0,27,24,1
2025,Emilia Romagna Grand Prix,R,HAM,Ferrari,51,81.227,78.265,25.67,28.418,27.139,290.8,296.0,0,14,37,2
2025,Emilia Romagna Grand Prix,R,ALB,Williams,51,81.242,78.289,25.646,28.346,27.25,290.9,297.0,0,27,24,3
2025,Emilia Romagna Grand Prix,R,NOR,McLaren,50,80.489,78.311,25.526,28.024,26.938,292.3,301.0,0,26,24,4
2025,Emilia Romagna Grand Prix,R,PIA,McLaren,49,80.543,78.894,25.52,28.042,26.982,291.9,298.0,0,11,38,5
2025,Emilia Romagna Grand Prix,R,LEC,Ferrari,49,80.871,79.048,25.53,28.328,27.014,290.4,297.0,0,8,41,6
2025,Emilia Romagna Grand Prix,R,HAD,Racing Bulls,51,81.542,79.473,25.724,28.437,27.381,290.4,304.0,0,27,24,7
2025,Emilia Romagna Grand Prix,R,BEA,Haas F1 Team,49,81.631,79.649,25.772,28.525,27.334,288.6,306.0,0,0,49,8
2025,Emilia Romagna Grand Prix,R,RUS,Mercedes,49,81.19,79.733,25.7,28.375,27.116,297.5,304.0,0,9,40,9
2025,Emilia Romagna Grand Prix,R,SAI,Williams,49,81.332,79.836,25.625,28.442,27.265,292.9,303.0,0,9,40,10
2025,Emilia Romagna Grand Prix,R,ALO,Aston Martin,48,81.883,79.894,25.881,28.616,27.386,291.3,304.0,0,20,28,11
2025,Emilia Romagna Grand Prix,R,TSU,Red Bull Racing,51,81.918,80.039,26.032,28.526,27.36,296.7,302.0,0,24,27,12
2025,Emilia Romagna Grand Prix,R,COL,Alpine,48,82.035,80.345,25.816,28.737,27.481,293.8,304.0,0,20,28,13
2025,Emilia Romagna Grand Prix,R,GAS,Alpine,49,81.71,80.398,25.816,28.583,27.311,291.3,303.0,0,7,42,14
2025,Emilia Romagna Grand Prix,R,HUL,Kick Sauber,50,82.021,80.401,25.947,28.696,27.378,288.5,301.0,0,23,27,15
2025,Emilia Romagna Grand Prix,R,LAW,Racing Bulls,49,81.748,80.473,25.898,28.509,27.342,289.1,297.0,0,8,41,16
2025,Emilia Romagna Grand Prix,R,STR,Aston Martin,48,82.015,80.501,25.887,28.629,27.499,289.9,301.0,0,22,26,17
2025,Emilia Romagna Grand Prix,R,ANT,Mercedes,40,81.922,80.62,25.903,28.676,27.342,293.8,298.0,0,13,27,18
2025,Emilia Romagna Grand Prix,R,BOR,Kick Sauber,49,81.866,80.63,25.822,28.587,27.456,287.7,293.0,0,20,29,19
2025,Emilia Romagna Grand Prix,R,OCO,Haas F1 Team,25,82.454,81.413,26.205,28.699,27.55,288.0,291.0,0,0,25,20
2025,Hungarian Grand Prix,Q,NOR,McLaren,6,75.388,74.89,27.613,26.548,21.228,305.7,310.0,6,0,0,1
2025,Hungarian Grand Prix,Q,PIA,McLaren,6,75.31,74.941,27.555,26.509,21.246,306.3,310.0,6,0,0,2
2025,Hungarian Grand Prix,Q,STR,Aston Martin,6,75.796,75.129,27.636,26.715,21.445,308.2,312.0,6,0,0,3
2025,Hungarian Grand Prix,Q,RUS,Mercedes,5,75.588,75.201,27.651,26.55,21.387,309.6,314.0,5,0,0,4
2025,Hungarian Grand Prix,Q,ALO,Aston Martin,5,75.632,75.281,27.598,26.703,21.331,308.6,312.0,5,0,0,5
2025,Hungarian Grand Prix,Q,LEC,Ferrari,6,75.907,75.372,27.646,26.771,21.49,310.2,314.0,6,0,0,6
2025,Hungarian Grand Prix,Q,HAD,Racing Bulls,5,75.747,75.469,27.674,26.705,21.368,305.8,308.0,5,0,0,7
2025,Hungarian Grand Prix,Q,VER,Red Bull Racing,6,75.938,75.547,27.699,26.756,21.483,307.0,310.0,6,0,0,8
2025,Hungarian Grand Prix,Q,BOR,Kick Sauber,6,76.125,75.586,27.719,26.891,21.515,307.2,311.0,6,0,0,9
2025,Hungarian Grand Prix,Q,LAW,Racing Bulls,6,76.076,75.63,27.757,26.894,21.425,304.3,308.0,6,0,0,10
2025,Hungarian Grand Prix,Q,SAI,Williams,5,76.49,75.652,27.877,27.027,21.586,309.4,311.0,5,0,0,11
2025,Hungarian Grand Prix,Q,ANT,Mercedes,3,75.954,75.693,27.692,26.785,21.476,308.7,313.0,3,0,0,12
2025,Hungarian Grand Prix,Q,BEA,Haas F1 Team,4,76.002,75.694,27.722,26.879,21.401,308.5,312.0,4,0,0,13
2025,Hungarian Grand Prix,Q,HAM,Ferrari,4,75.896,75.702,27.659,26.762,21.475,308.5,311.0,4,0,0,14
2025,Hungarian Grand Prix,Q,COL,Alpine,4,76.383,75.875,27.675,27.074,21.634,309.5,310.0,4,0,0,15
2025,Hungarian Grand Prix,Q,TSU,Red Bull Racing,2,76.217,75.899,27.736,26.828,21.654,309.5,311.0,2,0,0,16
2025,Hungarian Grand Prix,Q,GAS,Alpine,2,76.345,75.966,27.815,26.954,21.576,309.0,309.0,2,0,0,17
2025,Hungarian Grand Prix,Q,OCO,Haas F1 Team,2,76.403,76.023,27.778,26.908,21.717,309.0,310.0,2,0,0,18
2025,Hungarian Grand Prix,Q,HUL,Kick Sauber,2,76.174,76.081,27.711,26.915,21.549,311.5,313.0,2,0,0,19
2025,Hungarian Grand Prix,Q,ALB,Williams,3,76.704,76.223,27.889,27.069,21.747,309.3,311.0,3,0,0,20
2025,Hungarian Grand Prix,R,RUS,Mercedes,65,81.343,79.409,29.368,29.022,22.954,292.0,312.0,0,17,48,1
2025,Hungarian Grand Prix,R,PIA,McLaren,65,81.053,79.412,29.395,28.832,22.826,289.8,315.0,0,16,49,2
2025,Hungarian Grand Prix,R,VER,Red Bull Racing,65,82.065,79.576,29.451,29.431,23.183,294.3,311.0,0,15,50,3
2025,Hungarian Grand Prix,R,SAI,Williams,64,82.661,79.79,29.631,29.77,23.26,296.8,316.0,13,17,34,4
2025,Hungarian Grand Prix,R,NOR,McLaren,67,81.277,79.918,29.41,28.948,22.919,289.7,307.0,0,29,38,5
2025,Hungarian Grand Prix,R,HUL,Kick Sauber,64,82.407,80.013,29.552,29.649,23.206,295.5,319.0,3,61,0,6
2025,Hungarian Grand Prix,R,HAM,Ferrari,66,82.554,80.022,29.516,29.673,23.366,299.6,312.0,0,26,40,7
2025,Hungarian Grand Prix,R,ALO,Aston Martin,67,82.128,80.113,29.747,29.353,23.028,285.0,290.0,0,37,30,8
2025,Hungarian Grand Prix,R,LEC,Ferrari,65,81.627,80.44,29.508,28.995,23.124,287.1,305.0,0,17,48,9
2025,Hungarian Grand Prix,R,LAW,Racing Bulls,67,82.276,80.457,29.571,29.567,23.138,291.5,304.0,0,38,29,10
2025,Hungarian Grand Prix,R,BOR,Kick Sauber,67,82.257,80.705,29.635,29.484,23.138,288.0,303.0,0,38,29,11
2025,Hungarian Grand Prix,R,STR,Aston Martin,67,82.269,80.708,29.587,29.538,23.144,291.5,309.0,0,34,33,12
2025,Hungarian Grand Prix,R,ANT,Mercedes,66,82.499,80.745,29.61,29.595,23.293,298.2,312.0,0,19,47,13
2025,Hungarian Grand Prix,R,ALB,Williams,64,82.655,80.779,29.617,29.731,23.306,292.4,310.0,12,22,30,14
2025,Hungarian Grand Prix,R,HAD,Racing Bulls,66,82.592,80.802,29.666,29.65,23.276,297.3,308.0,0,31,35,15
2025,Hungarian Grand Prix,R,COL,Alpine,64,82.57,80.827,29.722,29.562,23.286,290.5,309.0,0,11,53,16
2025,Hungarian Grand Prix,R,TSU,Red Bull Racing,64,82.744,81.18,29.737,29.682,23.325,293.0,312.0,15,18,31,17
2025,Hungarian Grand Prix,R,GAS,Alpine,66,83.091,81.433,29.717,29.926,23.448,295.0,310.0,0,36,30,18
2025,Hungarian Grand Prix,R,OCO,Haas F1 Team,66,83.068,81.916,29.749,29.858,23.462,293.0,308.0,0,12,54,19
2025,Hungarian Grand Prix,R,BEA,Haas F1 Team,44,83.417,81.989,29.951,29.992,23.474,291.9,308.0,0,28,16,20
2025,Italian Grand Prix,Q,VER,Red Bull Racing,6,79.257,78.792,26.414,26.602,26.241,345.7,348.0,6,0,0,1
2025,Italian Grand Prix,Q,NOR,McLaren,9,88.457,78.869,29.85,30.176,28.431,314.6,345.0,9,0,0,2
2025,Italian Grand Prix,Q,PIA,McLaren,7,82.096,78.982,26.549,27.721,27.826,343.6,345.0,7,0,0,3
2025,Italian Grand Prix,Q,LEC,Ferrari,6,79.398,79.007,26.393,26.694,26.311,348.2,350.0,6,0,0,4
2025,Italian Grand Prix,Q,HAM,Ferrari,6,79.488,79.124,26.308,26.777,26.403,349.8,352.0,6,0,0,5
2025,Italian Grand Prix,Q,RUS,Mercedes,6,79.432,79.157,26.576,26.579,26.277,344.8,348.0,4,2,0,6
2025,Italian Grand Prix,Q,ANT,Mercedes,10,90.842,79.2,31.864,30.107,28.87,278.6,347.0,5,5,0,7
2025,Italian Grand Prix,Q,BOR,Kick Sauber,7,79.67,79.323,26.356,26.797,26.517,353.0,355.0,7,0,0,8
2025,Italian Grand Prix,Q,ALO,Aston Martin,6,79.756,79.362,26.482,26.771,26.503,347.3,349.0,6,0,0,9
2025,Italian Grand Prix,Q,TSU,Red Bull Racing,6,79.644,79.433,26.509,26.737,26.399,346.3,348.0,6,0,0,10
2025,Italian Grand Prix,Q,BEA,Haas F1 Team,5,79.919,79.446,26.63,26.849,26.44,346.4,349.0,5,0,0,11
2025,Italian Grand Prix,Q,HUL,Kick Sauber,5,80.051,79.498,26.377,26.973,26.701,353.2,355.0,5,0,0,12
2025,Italian Grand Prix,Q,SAI,Williams,7,81.376,79.528,26.609,27.585,27.182,345.0,349.0,7,0,0,13
2025,Italian Grand Prix,Q,ALB,Williams,6,84.006,79.583,27.532,28.397,28.078,344.7,345.0,6,0,0,14
2025,Italian Grand Prix,Q,OCO,Haas F1 Team,5,80.161,79.707,26.598,26.951,26.612,343.8,348.0,5,0,0,15
2025,Italian Grand Prix,Q,HAD,Racing Bulls,2,80.022,79.917,26.415,27.016,26.592,347.0,350.0,2,0,0,16
2025,Italian Grand Prix,Q,STR,Aston Martin,3,80.28,79.948,26.582,27.019,26.679,345.7,346.0,3,0,0,17
2025,Italian Grand Prix,Q,COL,Alpine,3,80.281,79.992,26.669,27.03,26.582,343.3,345.0,3,0,0,18
2025,Italian Grand Prix,Q,GAS,Alpine,3,80.317,80.103,26.677,27.04,26.599,343.0,345.0,3,0,0,19
2025,Italian Grand Prix,Q,LAW,Racing Bulls,1,80.279,80.279,26.557,27.05,26.672,342.0,342.0,1,0,0,20
2025,Italian Grand Prix,R,NOR,McLaren,50,82.877,80.901,27.339,28.138,27.399,324.6,340.0,6,44,0,1
2025,Italian Grand Prix,R,VER,Red Bull Racing,50,82.548,81.003,27.287,28.083,27.179,323.6,352.0,0,35,15,2
2025,Italian Grand Prix,R,PIA,McLaren,50,82.993,81.245,27.333,28.181,27.479,326.7,353.0,7,43,0,3
2025,Italian Grand Prix,R,LEC,Ferrari,50,83.034,81.294,27.279,28.296,27.459,326.6,352.0,0,31,19,4
2025,Italian Grand Prix,R,ALB,Williams,50,83.458,81.368,27.225,28.451,27.782,336.5,364.0,0,11,39,5
2025,Italian Grand Prix,R,HAM,Ferrari,50,83.227,81.546,27.193,28.425,27.609,329.3,363.0,0,36,14,6
2025,Italian Grand Prix,R,SAI,Williams,50,83.694,81.74,27.289,28.661,27.744,337.2,358.0,0,28,22,7
2025,Italian Grand Prix,R,RUS,Mercedes,50,83.123,81.8,27.339,28.301,27.483,331.0,344.0,0,25,25,8
2025,Italian Grand Prix,R,BEA,Haas F1 Team,50,83.75,81.82,27.393,28.662,27.694,329.1,360.0,0,16,34,9
2025,Italian Grand Prix,R,ANT,Mercedes,50,83.514,81.968,27.272,28.577,27.665,332.8,350.0,0,26,24,10
2025,Italian Grand Prix,R,HAD,Racing Bulls,50,83.64,82.133,27.387,28.55,27.704,332.4,362.0,0,20,30,11
2025,Italian Grand Prix,R,BOR,Kick Sauber,50,83.544,82.139,27.374,28.473,27.697,327.7,356.0,0,18,32,12
2025,Italian Grand Prix,R,STR,Aston Martin,49,83.972,82.164,27.421,28.664,27.886,333.6,345.0,2,0,47,13
2025,Italian Grand Prix,R,GAS,Alpine,49,84.155,82.185,27.565,28.791,27.798,321.4,338.0,2,0,47,14
2025,Italian Grand Prix,R,COL,Alpine,49,84.166,82.239,27.653,28.696,27.818,321.7,340.0,0,31,18,15
2025,Italian Grand Prix,R,TSU,Red Bull Racing,50,83.994,82.712,27.504,28.722,27.768,326.4,355.0,0,17,33,16
2025,Italian Grand Prix,R,LAW,Racing Bulls,50,83.983,82.777,27.43,28.753,27.8,327.4,344.0,7,0,43,17
2025,Italian Grand Prix,R,OCO,Haas F1 Team,49,83.977,82.892,27.464,28.619,27.893,327.1,346.0,0,0,49,18
2025,Italian Grand Prix,R,ALO,Aston Martin,20,84.539,83.757,27.501,28.874,28.165,335.8,351.0,0,18,2,19
2025,Japanese Grand Prix,Q,VER,Red Bull Racing,5,87.613,86.983,30.582,39.638,17.392,296.6,299.0,5,0,0,1
2025,Japanese Grand Prix,Q,NOR,McLaren,7,97.746,86.995,36.37,42.287,19.089,278.1,299.0,7,0,0,2
2025,Japanese Grand Prix,Q,PIA,McLaren,6,87.505,87.027,30.657,39.476,17.372,295.7,297.0,6,0,0,3
2025,Japanese Grand Prix,Q,LEC,Ferrari,7,87.755,87.299,30.668,39.675,17.411,295.6,298.0,7,0,0,4
2025,Japanese Grand Prix,Q,RUS,Mercedes,5,87.653,87.318,30.608,39.645,17.4,296.6,298.0,5,0,0,5
2025,Japanese Grand Prix,Q,ANT,Mercedes,6,88.067,87.555,30.899,39.758,17.411,295.3,297.0,6,0,0,6
2025,Japanese Grand Prix,Q,HAD,Racing Bulls,6,88.112,87.569,30.862,39.8,17.45,295.7,297.0,6,0,0,7
2025,Japanese Grand Prix,Q,HAM,Ferrari,9,96.601,87.61,34.791,42.42,19.39,275.2,298.0,8,1,0,8
2025,Japanese Grand Prix,Q,ALB,Williams,6,88.05,87.615,30.764,39.806,17.479,295.8,297.0,6,0,0,9
2025,Japanese Grand Prix,Q,BEA,Haas F1 Team,7,88.258,87.711,30.864,39.87,17.524,294.7,297.0,7,0,0,10
2025,Japanese Grand Prix,Q,GAS,Alpine,4,88.19,87.822,30.718,40.012,17.46,296.5,299.0,4,0,0,11
2025,Japanese Grand Prix,Q,SAI,Williams,7,99.236,87.836,36.801,43.565,18.869,284.4,298.0,7,0,0,12
2025,Japanese Grand Prix,Q,ALO,Aston Martin,4,88.36,87.897,30.736,39.989,17.635,295.0,296.0,4,0,0,13
2025,Japanese Grand Prix,Q,LAW,Racing Bulls,4,88.438,87.906,31.047,39.882,17.509,296.3,298.0,4,0,0,14
2025,Japanese Grand Prix,Q,TSU,Red Bull Racing,4,88.194,87.967,30.842,39.828,17.525,293.0,296.0,4,0,0,15
2025,Japanese Grand Prix,Q,HUL,Kick Sauber,3,88.98,88.57,31.225,40.126,17.629,294.3,297.0,3,0,0,16
2025,Japanese Grand Prix,Q,BOR,Kick Sauber,3,88.917,88.622,31.157,40.142,17.618,292.3,293.0,3,0,0,17
2025,Japanese Grand Prix,Q,OCO,Haas F1 Team,3,89.107,88.696,31.141,40.262,17.704,294.0,296.0,3,0,0,18
2025,Japanese Grand Prix,Q,DOO,Alpine,3,89.235,88.877,31.138,40.412,17.685,296.3,299.0,3,0,0,19
2025,Japanese Grand Prix,Q,STR,Aston Martin,1,89.271,89.271,31.034,40.483,17.754,295.0,295.0,1,0,0,20
2025,Japanese Grand Prix,R,ANT,Mercedes,50,92.714,90.965,32.503,42.172,18.039,299.2,304.0,0,29,21,1
2025,Japanese Grand Prix,R,PIA,McLaren,50,92.485,91.039,32.384,42.013,18.088,299.3,309.0,0,18,32,2
2025,Japanese Grand Prix,R,VER,Red Bull Racing,50,92.459,91.041,32.393,42.048,18.018,300.2,306.0,0,19,31,3
2025,Japanese Grand Prix,R,SAI,Williams,50,93.754,91.106,33.074,42.53,18.15,301.7,309.0,19,31,0,4
2025,Japanese Grand Prix,R,NOR,McLaren,50,92.456,91.116,32.363,42.076,18.018,300.4,304.0,0,19,31,5
2025,Japanese Grand Prix,R,ALB,Williams,50,93.078,91.125,32.679,42.306,18.093,302.0,306.0,0,22,28,6
2025,Japanese Grand Prix,R,HAD,Racing Bulls,50,93.048,91.317,32.636,42.27,18.141,299.7,306.0,0,23,27,7
2025,Japanese Grand Prix,R,RUS,Mercedes,50,92.754,91.357,32.393,42.254,18.107,302.2,311.0,0,17,33,8
2025,Japanese Grand Prix,R,HAM,Ferrari,50,92.947,91.406,32.642,42.204,18.1,298.8,305.0,0,22,28,9
2025,Japanese Grand Prix,R,LEC,Ferrari,50,92.734,91.469,32.608,42.08,18.045,297.2,303.0,0,19,31,10
2025,Japanese Grand Prix,R,ALO,Aston Martin,50,93.364,91.77,32.809,42.352,18.202,298.4,301.0,0,22,28,11
2025,Japanese Grand Prix,R,GAS,Alpine,50,93.393,91.82,32.755,42.47,18.169,296.3,303.0,0,22,28,12
2025,Japanese Grand Prix,R,TSU,Red Bull Racing,50,93.431,91.871,32.908,42.328,18.195,299.9,303.0,0,21,29,13
2025,Japanese Grand Prix,R,OCO,Haas F1 Team,50,93.894,91.967,32.958,42.662,18.274,299.7,304.0,0,20,30,14
2025,Japanese Grand Prix,R,BEA,Haas F1 Team,50,93.388,92.006,32.706,42.445,18.237,298.5,304.0,0,21,29,15
2025,Japanese Grand Prix,R,BOR,Kick Sauber,50,93.836,92.034,33.045,42.572,18.22,300.2,307.0,0,21,29,16
2025,Japanese Grand Prix,R,LAW,Racing Bulls,50,93.911,92.043,33.142,42.535,18.234,300.8,308.0,19,31,0,17
2025,Japanese Grand Prix,R,STR,Aston Martin,47,93.858,92.052,33.14,42.445,18.273,299.0,303.0,7,21,19,18
2025,Japanese Grand Prix,R,HUL,Kick Sauber,50,93.877,92.572,33.015,42.666,18.197,300.8,305.0,0,20,30,19
2025,Japanese Grand Prix,R,DOO,Alpine,50,93.823,92.685,32.979,42.56,18.284,296.8,301.0,13,0,37,20
2025,Las Vegas Grand Prix,Q,NOR,McLaren,18,116.61,107.934,33.481,39.588,43.541,212.1,271.0,0,0,0,1
2025,Las Vegas Grand Prix,Q,VER,Red Bull Racing,17,117.302,108.257,33.661,40.596,43.045,217.0,258.0,0,0,0,2
2025,Las Vegas Grand Prix,Q,SAI,Williams,14,116.032,108.296,33.337,39.924,42.771,226.1,261.0,0,0,0,3
2025,Las Vegas Grand Prix,Q,RUS,Mercedes,18,115.221,108.803,32.575,40.385,42.26,233.2,285.0,0,0,0,4
2025,Las Vegas Grand Prix,Q,PIA,McLaren,17,119.957,108.961,34.113,41.248,44.596,204.9,274.0,0,0,0,5
2025,Las Vegas Grand Prix,Q,LAW,Racing Bulls,18,117.482,109.062,34.303,40.549,42.629,219.2,267.0,0,0,0,6
2025,Las Vegas Grand Prix,Q,ALO,Aston Martin,19,118.811,109.466,33.957,40.712,44.142,202.6,243.0,0,0,0,7
2025,Las Vegas Grand Prix,Q,HAD,Racing Bulls,18,117.771,109.554,33.926,40.595,43.249,215.3,267.0,0,0,0,8
2025,Las Vegas Grand Prix,Q,LEC,Ferrari,16,118.885,109.872,33.186,40.284,45.416,228.7,303.0,0,0,0,9
2025,Las Vegas Grand Prix,Q,GAS,Alpine,18,118.211,111.54,33.685,40.871,43.655,224.4,254.0,0,0,0,10
2025,Las Vegas Grand Prix,Q,HUL,Kick Sauber,14,118.515,112.781,34.552,40.833,43.13,216.4,238.0,0,0,0,11
2025,Las Vegas Grand Prix,Q,STR,Aston Martin,12,120.232,112.85,33.762,40.994,45.476,218.7,256.0,0,0,0,12
2025,Las Vegas Grand Prix,Q,OCO,Haas F1 Team,12,116.556,112.987,33.718,40.272,42.567,220.3,248.0,0,0,0,13
2025,Las Vegas Grand Prix,Q,BEA,Haas F1 Team,11,117.69,113.094,33.633,40.437,43.62,219.6,255.0,0,0,0,14
2025,Las Vegas Grand Prix,Q,COL,Alpine,12,119.295,113.683,34.093,41.023,44.179,203.3,236.0,0,0,0,15
2025,Las Vegas Grand Prix,Q,ALB,Williams,4,118.8,116.22,33.955,40.577,44.268,204.5,234.0,0,0,0,16
2025,Las Vegas Grand Prix,Q,ANT,Mercedes,5,121.642,116.314,35.367,41.905,44.37,212.4,249.0,0,0,0,17
2025,Las Vegas Grand Prix,Q,BOR,Kick Sauber,7,123.889,116.674,35.995,41.571,46.323,218.3,242.0,0,0,0,18
2025,Las Vegas Grand Prix,Q,TSU,Red Bull Racing,6,123.55,116.798,34.745,42.897,45.908,184.3,219.0,0,0,0,19
2025,Las Vegas Grand Prix,Q,HAM,Ferrari,5,120.939,117.115,34.817,41.615,44.507,206.4,225.0,0,0,0,20
2025,Las Vegas Grand Prix,R,VER,Red Bull Racing,43,95.21,93.365,26.938,31.77,36.502,319.5,332.0,0,19,24,1
2025,Las Vegas Grand Prix,R,NOR,McLaren,43,95.59,93.965,27.236,31.943,36.41,321.8,341.0,0,16,27,2
2025,Las Vegas Grand Prix,R,ANT,Mercedes,45,95.7,93.998,27.238,32.071,36.391,323.9,332.0,0,0,45,3
2025,Las Vegas Grand Prix,R,PIA,McLaren,43,95.673,94.086,27.346,32.081,36.246,319.9,330.0,0,15,28,4
2025,Las Vegas Grand Prix,R,LEC,Ferrari,43,95.678,94.304,27.253,31.86,36.565,325.9,346.0,0,18,25,5
2025,Las Vegas Grand Prix,R,SAI,Williams,43,95.823,94.496,27.379,32.058,36.386,325.4,339.0,0,16,27,6
2025,Las Vegas Grand Prix,R,BEA,Haas F1 Team,43,96.52,94.519,27.594,32.39,36.536,320.6,345.0,0,11,32,7
2025,Las Vegas Grand Prix,R,HAM,Ferrari,43,96.243,94.553,27.621,32.205,36.417,312.2,334.0,0,20,23,8
2025,Las Vegas Grand Prix,R,OCO,Haas F1 Team,42,96.237,94.557,27.6,32.219,36.418,322.5,344.0,0,20,22,9
2025,Las Vegas Grand Prix,R,HUL,Kick Sauber,43,96.102,94.592,27.44,32.159,36.503,320.8,337.0,0,19,24,10
2025,Las Vegas Grand Prix,R,RUS,Mercedes,43,95.714,94.592,27.39,32.005,36.319,330.6,339.0,0,11,32,10
2025,Las Vegas Grand Prix,R,HAD,Racing Bulls,43,96.035,94.62,27.323,32.155,36.557,322.5,331.0,0,14,29,12
2025,Las Vegas Grand Prix,R,LAW,Racing Bulls,42,96.553,94.837,27.797,32.245,36.512,307.7,328.0,0,0,42,13
2025,Las Vegas Grand Prix,R,TSU,Red Bull Racing,43,96.402,94.967,27.609,32.339,36.454,318.6,358.0,0,22,21,14
2025,Las Vegas Grand Prix,R,ALB,Williams,27,96.572,95.184,27.732,32.339,36.501,318.0,348.0,0,0,27,15
2025,Las Vegas Grand Prix,R,ALO,Aston Martin,44,96.92,95.629,27.599,32.514,36.807,306.0,326.0,0,11,33,16
2025,Las Vegas Grand Prix,R,GAS,Alpine,45,96.946,95.674,27.847,32.371,36.729,318.3,336.0,0,0,45,17
2025,Las Vegas Grand Prix,R,COL,Alpine,42,97.243,95.78,27.941,32.448,36.855,320.1,337.0,0,23,19,18
2025,Mexico City Grand Prix,Q,NOR,McLaren,9,84.027,75.586,30.784,31.862,21.38,317.0,349.0,9,0,0,1
2025,Mexico City Grand Prix,Q,LEC,Ferrari,8,84.028,75.848,30.347,31.931,21.75,322.3,350.0,8,0,0,2
2025,Mexico City Grand Prix,Q,HAM,Ferrari,9,84.186,75.938,30.515,31.985,21.687,324.1,350.0,9,0,0,3
2025,Mexico City Grand Prix,Q,RUS,Mercedes,6,76.715,76.034,27.25,29.618,19.847,349.7,351.0,6,0,0,4
2025,Mexico City Grand Prix,Q,VER,Red Bull Racing,6,76.723,76.07,27.193,29.668,19.861,347.3,350.0,6,0,0,5
2025,Mexico City Grand Prix,Q,ANT,Mercedes,6,77.114,76.118,27.272,29.912,19.931,350.0,351.0,6,0,0,6
2025,Mexico City Grand Prix,Q,SAI,Williams,6,76.843,76.172,27.228,29.758,19.857,350.3,352.0,6,0,0,7
2025,Mexico City Grand Prix,Q,PIA,McLaren,8,85.773,76.174,32.163,31.706,21.904,307.0,349.0,8,0,0,8
2025,Mexico City Grand Prix,Q,HAD,Racing Bulls,6,76.956,76.252,27.45,29.657,19.85,342.5,345.0,6,0,0,9
2025,Mexico City Grand Prix,Q,BEA,Haas F1 Team,7,77.14,76.46,27.441,29.811,19.889,344.1,347.0,7,0,0,10
2025,Mexico City Grand Prix,Q,TSU,Red Bull Racing,4,77.185,76.816,27.443,29.738,20.004,347.0,349.0,4,0,0,11
2025,Mexico City Grand Prix,Q,OCO,Haas F1 Team,5,77.344,76.837,27.47,29.911,19.963,344.4,346.0,5,0,0,12
2025,Mexico City Grand Prix,Q,LAW,Racing Bulls,3,77.497,76.961,27.6,29.868,20.029,342.0,343.0,3,0,0,13
2025,Mexico City Grand Prix,Q,HUL,Kick Sauber,5,77.395,77.016,27.539,29.836,20.021,342.8,345.0,5,0,0,14
2025,Mexico City Grand Prix,Q,ALO,Aston Martin,5,77.501,77.103,27.569,29.924,20.008,348.8,351.0,5,0,0,15
2025,Mexico City Grand Prix,Q,BOR,Kick Sauber,3,77.938,77.412,27.585,29.976,20.376,344.7,345.0,3,0,0,16
2025,Mexico City Grand Prix,Q,ALB,Williams,3,77.63,77.49,27.376,30.074,20.18,349.7,350.0,3,0,0,17
2025,Mexico City Grand Prix,Q,GAS,Alpine,3,78.002,77.546,27.648,30.124,20.23,347.0,348.0,3,0,0,18
2025,Mexico City Grand Prix,Q,STR,Aston Martin,3,78.097,77.606,27.776,30.066,20.255,347.0,348.0,3,0,0,19
2025,Mexico City Grand Prix,Q,COL,Alpine,2,78.031,77.67,27.598,30.184,20.249,347.5,349.0,2,0,0,20
2025,Mexico City Grand Prix,R,RUS,Mercedes,64,82.467,80.052,28.807,32.31,21.349,339.0,354.0,43,21,0,1
2025,Mexico City Grand Prix,R,SAI,Williams,60,82.623,80.098,28.868,32.397,21.357,336.3,355.0,45,15,0,2
2025,Mexico City Grand Prix,R,PIA,McLaren,64,82.292,80.422,28.62,32.296,21.376,340.7,363.0,43,21,0,3
2025,Mexico City Grand Prix,R,ALB,Williams,65,83.187,80.48,29.031,32.545,21.611,334.3,356.0,26,0,39,4
2025,Mexico City Grand Prix,R,STR,Aston Martin,63,82.858,80.593,29.139,32.322,21.397,331.0,354.0,48,15,0,5
2025,Mexico City Grand Prix,R,HAM,Ferrari,64,82.308,80.601,28.82,32.15,21.338,326.3,353.0,42,22,0,6
2025,Mexico City Grand Prix,R,BEA,Haas F1 Team,64,82.315,80.705,28.901,32.103,21.311,326.2,348.0,42,22,0,7
2025,Mexico City Grand Prix,R,NOR,McLaren,66,82.034,80.764,29.008,31.836,21.189,316.4,340.0,32,34,0,8
2025,Mexico City Grand Prix,R,ANT,Mercedes,64,82.377,80.826,28.749,32.25,21.378,337.3,355.0,41,23,0,9
2025,Mexico City Grand Prix,R,VER,Red Bull Racing,66,82.448,81.108,28.95,32.14,21.358,328.6,353.0,31,35,0,10
2025,Mexico City Grand Prix,R,BOR,Kick Sauber,66,83.113,81.121,29.086,32.491,21.536,331.7,354.0,31,35,0,11
2025,Mexico City Grand Prix,R,COL,Alpine,65,83.733,81.342,29.335,32.729,21.668,327.6,344.0,19,0,46,12
2025,Mexico City Grand Prix,R,TSU,Red Bull Racing,66,83.006,81.486,29.085,32.386,21.535,330.2,354.0,32,34,0,13
2025,Mexico City Grand Prix,R,LEC,Ferrari,66,82.45,81.588,28.86,32.176,21.414,322.8,328.0,29,37,0,14
2025,Mexico City Grand Prix,R,ALO,Aston Martin,30,83.481,81.708,29.246,32.584,21.651,335.4,352.0,18,12,0,15
2025,Mexico City Grand Prix,R,HAD,Racing Bulls,65,83.259,81.714,29.272,32.47,21.518,327.2,350.0,33,32,0,16
2025,Mexico City Grand Prix,R,OCO,Haas F1 Team,66,83.066,81.869,29.0,32.57,21.496,332.0,354.0,25,41,0,17
2025,Mexico City Grand Prix,R,GAS,Alpine,65,83.773,82.271,29.384,32.699,21.691,326.6,340.0,34,31,0,18
2025,Mexico City Grand Prix,R,HUL,Kick Sauber,23,84.407,83.091,29.787,32.894,21.726,319.6,349.0,23,0,0,19
2025,Mexico City Grand Prix,R,LAW,Racing Bulls,1,85.124,85.124,29.989,33.156,21.979,315.0,315.0,0,0,1,20
2025,Miami Grand Prix,Q,VER,Red Bull Racing,6,86.739,86.204,28.399,33.37,24.97,338.8,341.0,6,0,0,1
2025,Miami Grand Prix,Q,NOR,McLaren,9,95.542,86.269,32.871,35.54,27.131,293.0,338.0,9,0,0,2
2025,Miami Grand Prix,Q,PIA,McLaren,6,92.098,86.269,31.186,34.703,26.21,316.0,336.0,6,0,0,2
2025,Miami Grand Prix,Q,ANT,Mercedes,6,86.821,86.271,28.638,33.327,24.856,339.3,340.0,6,0,0,4
2025,Miami Grand Prix,Q,RUS,Mercedes,6,86.96,86.385,28.668,33.352,24.939,337.5,338.0,6,0,0,5
2025,Miami Grand Prix,Q,SAI,Williams,6,87.121,86.569,28.884,33.36,24.876,338.3,341.0,6,0,0,6
2025,Miami Grand Prix,Q,ALB,Williams,6,87.156,86.682,28.851,33.394,24.912,336.8,339.0,6,0,0,7
2025,Miami Grand Prix,Q,LEC,Ferrari,8,95.871,86.754,33.37,35.891,26.61,307.0,343.0,8,0,0,8
2025,Miami Grand Prix,Q,OCO,Haas F1 Team,7,87.449,86.824,28.989,33.504,24.956,336.9,338.0,7,0,0,9
2025,Miami Grand Prix,Q,TSU,Red Bull Racing,7,87.465,86.943,28.788,33.626,25.051,338.7,339.0,7,0,0,10
2025,Miami Grand Prix,Q,HAD,Racing Bulls,3,87.259,86.987,28.804,33.513,24.941,337.3,338.0,3,0,0,11
2025,Miami Grand Prix,Q,HAM,Ferrari,5,87.533,87.006,28.859,33.595,25.08,339.8,341.0,5,0,0,12
2025,Miami Grand Prix,Q,BOR,Kick Sauber,5,87.562,87.151,29.007,33.598,24.957,339.0,341.0,5,0,0,13
2025,Miami Grand Prix,Q,DOO,Alpine,5,87.565,87.186,28.816,33.661,25.088,336.2,337.0,5,0,0,14
2025,Miami Grand Prix,Q,LAW,Racing Bulls,4,87.517,87.363,28.813,33.594,25.11,334.0,338.0,4,0,0,15
2025,Miami Grand Prix,Q,HUL,Kick Sauber,3,87.807,87.473,29.037,33.752,25.018,338.0,341.0,3,0,0,16
2025,Miami Grand Prix,Q,ALO,Aston Martin,3,87.847,87.604,28.945,33.905,24.997,337.0,337.0,3,0,0,17
2025,Miami Grand Prix,Q,GAS,Alpine,3,88.119,87.71,29.172,33.835,25.111,335.7,337.0,3,0,0,18
2025,Miami Grand Prix,Q,STR,Aston Martin,3,88.42,87.83,29.351,34.081,24.989,338.7,340.0,3,0,0,19
2025,Miami Grand Prix,Q,BEA,Haas F1 Team,5,102.834,87.999,37.397,37.227,28.21,280.4,336.0,5,0,0,20
2025,Miami Grand Prix,R,NOR,McLaren,50,91.203,89.746,30.578,34.84,25.785,310.9,324.0,0,6,23,1
2025,Miami Grand Prix,R,PIA,McLaren,50,91.113,89.822,30.533,34.809,25.772,313.8,336.0,0,6,23,2
2025,Miami Grand Prix,R,RUS,Mercedes,51,91.789,90.318,30.771,35.111,25.907,314.7,328.0,0,24,6,3
2025,Miami Grand Prix,R,LEC,Ferrari,51,91.994,90.461,31.022,35.113,25.859,316.8,333.0,0,6,24,4
2025,Miami Grand Prix,R,VER,Red Bull Racing,48,91.751,90.466,30.745,35.003,26.003,311.0,332.0,0,3,24,5
2025,Miami Grand Prix,R,ALB,Williams,49,91.823,90.482,31.126,34.929,25.769,320.5,345.0,0,4,24,6
2025,Miami Grand Prix,R,HAM,Ferrari,51,92.037,90.562,30.98,35.201,25.856,320.8,341.0,0,24,7,7
2025,Miami Grand Prix,R,SAI,Williams,49,91.982,90.703,31.275,34.967,25.741,322.4,340.0,0,4,24,8
2025,Miami Grand Prix,R,ANT,Mercedes,49,91.945,90.795,30.908,35.086,25.951,315.9,324.0,0,4,24,9
2025,Miami Grand Prix,R,TSU,Red Bull Racing,49,92.133,90.964,30.9,35.221,26.013,309.9,316.0,0,4,24,10
2025,Miami Grand Prix,R,HAD,Racing Bulls,48,92.15,90.971,31.019,35.092,26.039,311.0,326.0,0,18,30,11
2025,Miami Grand Prix,R,HUL,Kick Sauber,47,92.527,91.015,31.138,35.36,26.029,305.1,320.0,0,19,8,12
2025,Miami Grand Prix,R,OCO,Haas F1 Team,48,92.318,91.122,31.116,35.286,25.915,318.0,335.0,0,19,29,13
2025,Miami Grand Prix,R,GAS,Alpine,50,92.582,91.159,31.199,35.352,26.032,311.0,341.0,0,24,6,14
2025,Miami Grand Prix,R,ALO,Aston Martin,49,93.003,91.287,31.284,35.672,26.046,309.4,337.0,0,23,6,15
2025,Miami Grand Prix,R,STR,Aston Martin,47,92.947,91.769,31.427,35.569,25.951,319.6,333.0,0,16,31,16
2025,Miami Grand Prix,R,LAW,Racing Bulls,28,94.112,91.77,32.018,35.871,26.223,303.1,311.0,0,2,6,17
2025,Miami Grand Prix,R,BOR,Kick Sauber,23,94.304,92.328,31.893,35.867,26.545,303.6,320.0,0,15,8,18
2025,Miami Grand Prix,R,BEA,Haas F1 Team,24,93.562,92.68,31.808,35.637,26.117,327.0,343.0,0,0,4,19
2025,Monaco Grand Prix,Q,NOR,McLaren,15,79.167,69.954,20.355,37.563,21.249,262.2,280.0,15,0,0,1
2025,Monaco Grand Prix,Q,LEC,Ferrari,17,82.41,70.063,21.347,39.436,21.627,250.6,282.0,16,1,0,2
2025,Monaco Grand Prix,Q,PIA,McLaren,17,81.851,70.129,21.09,39.428,21.333,255.8,281.0,17,0,0,3
2025,Monaco Grand Prix,Q,HAM,Ferrari,16,81.305,70.382,22.372,37.882,21.051,250.3,282.0,15,1,0,4
2025,Monaco Grand Prix,Q,VER,Red Bull Racing,9,76.713,70.669,20.54,35.38,20.794,269.7,280.0,9,0,0,5
2025,Monaco Grand Prix,Q,ALB,Williams,19,81.855,70.732,21.389,39.354,21.113,264.8,280.0,13,6,0,6
2025,Monaco Grand Prix,Q,HAD,Racing Bulls,13,80.446,70.923,20.998,37.077,22.37,268.7,281.0,13,0,0,7
2025,Monaco Grand Prix,Q,ALO,Aston Martin,18,82.346,70.924,21.124,38.087,23.135,259.8,281.0,14,4,0,8
2025,Monaco Grand Prix,Q,OCO,Haas F1 Team,18,79.376,70.942,20.999,37.53,20.848,262.3,282.0,16,2,0,9
2025,Monaco Grand Prix,Q,LAW,Racing Bulls,14,80.284,71.129,20.75,37.685,21.849,269.5,281.0,14,0,0,10
2025,Monaco Grand Prix,Q,SAI,Williams,15,82.511,71.362,21.48,39.487,21.544,264.4,280.0,11,4,0,11
2025,Monaco Grand Prix,Q,TSU,Red Bull Racing,12,84.879,71.415,22.894,38.68,23.305,258.3,280.0,12,0,0,12
2025,Monaco Grand Prix,Q,RUS,Mercedes,9,91.524,71.507,24.199,43.168,24.157,232.6,282.0,9,0,0,13
2025,Monaco Grand Prix,Q,HUL,Kick Sauber,13,81.749,71.596,21.831,38.062,21.855,252.6,282.0,13,0,0,14
2025,Monaco Grand Prix,Q,ANT,Mercedes,7,91.36,71.88,26.136,40.592,24.632,240.4,281.0,7,0,0,15
2025,Monaco Grand Prix,Q,BOR,Kick Sauber,9,85.682,71.902,22.746,39.081,23.855,261.8,280.0,9,0,0,16
2025,Monaco Grand Prix,Q,BEA,Haas F1 Team,9,83.678,71.979,22.337,38.067,23.273,259.4,281.0,9,0,0,17
2025,Monaco Grand Prix,Q,GAS,Alpine,7,83.931,71.994,23.398,39.295,21.238,256.7,279.0,3,4,0,18
2025,Monaco Grand Prix,Q,STR,Aston Martin,7,94.086,72.563,23.216,46.047,24.823,229.9,281.0,7,0,0,19
2025,Monaco Grand Prix,Q,COL,Alpine,8,82.503,72.597,21.564,39.208,21.731,250.5,279.0,3,5,0,20
2025,Monaco Grand Prix,R,NOR,McLaren,70,75.655,73.221,19.749,35.862,20.044,276.7,286.0,0,14,56,1
2025,Monaco Grand Prix,R,RUS,Mercedes,66,77.985,73.405,20.512,36.747,20.726,279.0,284.0,0,11,55,2
2025,Monaco Grand Prix,R,ANT,Mercedes,67,78.903,73.518,20.643,37.291,20.969,277.5,283.0,0,0,67,3
2025,Monaco Grand Prix,R,PIA,McLaren,70,75.64,73.745,19.805,35.771,20.065,278.2,287.0,0,15,55,4
2025,Monaco Grand Prix,R,SAI,Williams,68,77.881,73.988,20.32,36.854,20.707,276.8,281.0,0,25,43,5
2025,Monaco Grand Prix,R,LEC,Ferrari,70,75.658,74.055,19.661,35.937,20.06,277.9,286.0,0,45,25,6
2025,Monaco Grand Prix,R,HAM,Ferrari,70,76.222,74.09,19.964,36.081,20.176,277.2,285.0,0,21,49,7
2025,Monaco Grand Prix,R,VER,Red Bull Racing,70,75.852,74.23,19.833,35.991,20.028,276.3,284.0,0,47,23,8
2025,Monaco Grand Prix,R,ALB,Williams,68,77.779,74.597,20.41,36.764,20.605,275.5,282.0,0,33,35,9
2025,Monaco Grand Prix,R,BEA,Haas F1 Team,70,78.131,74.855,20.36,36.848,20.923,281.0,285.0,0,58,12,10
2025,Monaco Grand Prix,R,STR,Aston Martin,68,78.503,74.877,20.496,37.152,20.855,277.6,291.0,0,11,57,11
2025,Monaco Grand Prix,R,BOR,Kick Sauber,68,77.996,74.884,20.309,36.867,20.82,278.7,282.0,7,40,21,12
2025,Monaco Grand Prix,R,TSU,Red Bull Racing,70,78.762,74.913,20.555,37.237,20.97,276.0,284.0,0,2,68,13
2025,Monaco Grand Prix,R,OCO,Haas F1 Team,69,77.489,75.157,20.394,36.554,20.541,278.8,284.0,0,21,48,14
2025,Monaco Grand Prix,R,HUL,Kick Sauber,68,78.613,75.223,20.571,37.161,20.881,277.5,285.0,31,7,30,15
2025,Monaco Grand Prix,R,COL,Alpine,68,78.328,75.298,20.38,37.088,20.86,278.3,283.0,0,60,8,16
2025,Monaco Grand Prix,R,LAW,Racing Bulls,69,77.505,75.321,20.203,36.689,20.613,277.4,285.0,7,26,36,17
2025,Monaco Grand Prix,R,ALO,Aston Martin,30,77.612,75.593,20.375,36.764,20.473,268.6,278.0,0,0,30,18
2025,Monaco Grand Prix,R,HAD,Racing Bulls,69,77.526,75.981,20.266,36.794,20.465,276.9,284.0,3,9,57,19
2025,Monaco Grand Prix,R,GAS,Alpine,3,78.727,78.054,20.842,37.003,20.882,281.3,282.0,0,3,0,20
2025,Qatar Grand Prix,Q,PIA,McLaren,6,79.901,79.387,29.391,27.098,23.413,324.0,325.0,6,0,0,1
2025,Qatar Grand Prix,Q,NOR,McLaren,5,80.225,79.495,29.461,27.245,23.519,323.0,324.0,5,0,0,2
2025,Qatar Grand Prix,Q,VER,Red Bull Racing,13,96.823,79.651,40.03,30.817,25.976,248.4,327.0,13,0,0,3
2025,Qatar Grand Prix,Q,RUS,Mercedes,16,97.117,79.662,38.59,32.112,26.415,254.3,327.0,16,0,0,4
2025,Qatar Grand Prix,Q,ANT,Mercedes,10,91.278,79.846,35.704,29.763,25.811,273.8,328.0,10,0,0,5
2025,Qatar Grand Prix,Q,HAD,Racing Bulls,6,80.601,80.114,29.672,27.277,23.652,322.2,323.0,6,0,0,6
2025,Qatar Grand Prix,Q,ALO,Aston Martin,9,89.68,80.219,34.855,29.521,25.304,271.4,325.0,9,0,0,7
2025,Qatar Grand Prix,Q,SAI,Williams,11,93.634,80.251,37.263,30.523,25.849,254.7,326.0,11,0,0,8
2025,Qatar Grand Prix,Q,GAS,Alpine,7,80.749,80.324,29.678,27.354,23.717,324.7,326.0,7,0,0,9
2025,Qatar Grand Prix,Q,LEC,Ferrari,7,80.862,80.343,29.714,27.451,23.696,321.7,324.0,7,0,0,10
2025,Qatar Grand Prix,Q,HUL,Kick Sauber,8,86.159,80.353,32.012,29.36,24.788,297.1,325.0,8,0,0,11
2025,Qatar Grand Prix,Q,LAW,Racing Bulls,5,80.854,80.433,29.78,27.392,23.682,321.4,323.0,5,0,0,12
2025,Qatar Grand Prix,Q,BEA,Haas F1 Team,12,101.558,80.438,43.072,31.23,27.256,219.2,324.0,12,0,0,13
2025,Qatar Grand Prix,Q,BOR,Kick Sauber,8,87.542,80.534,33.668,29.028,24.846,288.8,325.0,8,0,0,14
2025,Qatar Grand Prix,Q,ALB,Williams,9,96.193,80.629,40.167,30.326,25.7,239.2,325.0,9,0,0,15
2025,Qatar Grand Prix,Q,TSU,Red Bull Racing,5,98.132,80.761,39.928,30.621,27.583,233.0,326.0,5,0,0,16
2025,Qatar Grand Prix,Q,OCO,Haas F1 Team,7,100.14,80.864,40.794,31.328,28.018,218.6,324.0,7,0,0,17
2025,Qatar Grand Prix,Q,HAM,Ferrari,3,81.358,80.907,30.001,27.45,23.906,321.0,323.0,3,0,0,18
2025,Qatar Grand Prix,Q,STR,Aston Martin,6,95.757,81.058,36.608,32.95,26.199,273.2,325.0,6,0,0,19
2025,Qatar Grand Prix,Q,COL,Alpine,3,81.865,81.137,30.097,27.877,23.891,325.7,326.0,3,0,0,20
2025,Qatar Grand Prix,R,PIA,McLaren,48,84.905,82.996,31.488,28.919,24.497,309.8,334.0,0,34,14,1
2025,Qatar Grand Prix,R,NOR,McLaren,48,85.243,83.197,31.576,29.126,24.541,312.3,331.0,0,36,12,2
2025,Qatar Grand Prix,R,RUS,Mercedes,50,86.237,83.198,31.909,29.451,24.878,321.7,335.0,0,26,24,3
2025,Qatar Grand Prix,R,STR,Aston Martin,45,86.781,83.484,32.118,29.539,25.125,314.6,332.0,4,41,0,4
2025,Qatar Grand Prix,R,VER,Red Bull Racing,50,85.3,83.498,31.585,29.052,24.663,309.3,329.0,0,26,24,5
2025,Qatar Grand Prix,R,SAI,Williams,50,85.76,83.859,31.827,29.046,24.887,307.8,327.0,0,26,24,6
2025,Qatar Grand Prix,R,ALO,Aston Martin,50,86.347,83.94,32.026,29.348,24.973,306.6,328.0,0,26,24,7
2025,Qatar Grand Prix,R,ANT,Mercedes,50,85.81,83.955,31.651,29.288,24.872,313.9,327.0,0,26,24,8
2025,Qatar Grand Prix,R,LAW,Racing Bulls,50,86.487,83.971,32.026,29.471,24.99,318.0,332.0,0,26,24,9
2025,Qatar Grand Prix,R,TSU,Red Bull Racing,50,86.536,84.139,31.983,29.573,24.98,320.6,341.0,0,26,24,10
2025,Qatar Grand Prix,R,ALB,Williams,50,86.646,84.261,32.07,29.533,25.043,317.6,335.0,0,45,5,11
2025,Qatar Grand Prix,R,HAD,Racing Bulls,47,86.396,84.317,32.017,29.319,25.06,314.8,328.0,0,26,21,12
2025,Qatar Grand Prix,R,LEC,Ferrari,50,86.438,84.432,31.923,29.55,24.965,321.6,335.0,0,26,24,13
2025,Qatar Grand Prix,R,HAM,Ferrari,50,86.848,84.848,32.061,29.659,25.127,319.2,335.0,5,45,0,14
2025,Qatar Grand Prix,R,BEA,Haas F1 Team,32,87.269,84.93,32.16,29.896,25.213,320.2,331.0,0,26,6,15
2025,Qatar Grand Prix,R,OCO,Haas F1 Team,49,87.074,85.056,32.119,29.712,25.243,319.4,331.0,0,28,21,16
2025,Qatar Grand Prix,R,BOR,Kick Sauber,50,86.999,85.233,32.135,29.709,25.154,314.6,341.0,24,26,0,17
2025,Qatar Grand Prix,R,GAS,Alpine,49,86.944,85.376,32.184,29.655,25.106,310.7,333.0,0,28,21,18
2025,Qatar Grand Prix,R,COL,Alpine,49,87.1,85.644,32.25,29.693,25.157,310.0,332.0,0,44,5,19
2025,Qatar Grand Prix,R,HUL,Kick Sauber,5,88.404,88.139,32.63,30.008,25.767,321.0,332.0,5,0,0,20
2025,Saudi Arabian Grand Prix,Q,VER,Red Bull Racing,6,87.708,87.294,31.824,27.769,28.115,334.5,338.0,6,0,0,1
2025,Saudi Arabian Grand Prix,Q,PIA,McLaren,6,87.67,87.304,31.874,27.693,28.103,331.7,333.0,6,0,0,2
2025,Saudi Arabian Grand Prix,Q,RUS,Mercedes,4,87.815,87.407,31.941,27.707,28.168,332.5,334.0,4,0,0,3
2025,Saudi Arabian Grand Prix,Q,NOR,McLaren,5,102.831,87.481,39.517,31.024,32.29,300.2,334.0,5,0,0,4
2025,Saudi Arabian Grand Prix,Q,LEC,Ferrari,5,88.589,87.67,32.098,27.891,28.6,334.0,336.0,5,0,0,5
2025,Saudi Arabian Grand Prix,Q,ANT,Mercedes,5,88.141,87.798,32.226,27.775,28.139,332.0,333.0,5,0,0,6
2025,Saudi Arabian Grand Prix,Q,TSU,Red Bull Racing,5,88.202,87.99,32.045,27.896,28.261,334.8,336.0,5,0,0,7
2025,Saudi Arabian Grand Prix,Q,SAI,Williams,9,98.276,88.024,37.592,30.431,30.253,324.3,335.0,9,0,0,8
2025,Saudi Arabian Grand Prix,Q,GAS,Alpine,8,97.093,88.025,36.888,29.817,30.388,315.8,337.0,8,0,0,9
2025,Saudi Arabian Grand Prix,Q,HAM,Ferrari,6,88.408,88.102,32.2,27.928,28.28,334.0,336.0,6,0,0,10
2025,Saudi Arabian Grand Prix,Q,ALB,Williams,6,94.022,88.109,35.069,29.743,29.21,328.0,334.0,6,0,0,11
2025,Saudi Arabian Grand Prix,Q,LAW,Racing Bulls,3,88.541,88.191,32.298,27.971,28.271,330.3,331.0,3,0,0,12
2025,Saudi Arabian Grand Prix,Q,ALO,Aston Martin,4,88.608,88.303,32.122,27.955,28.531,330.8,332.0,4,0,0,13
2025,Saudi Arabian Grand Prix,Q,HAD,Racing Bulls,4,88.603,88.418,32.273,27.934,28.396,331.0,334.0,4,0,0,14
2025,Saudi Arabian Grand Prix,Q,BEA,Haas F1 Team,5,88.8,88.536,32.525,27.942,28.333,332.0,333.0,5,0,0,15
2025,Saudi Arabian Grand Prix,Q,STR,Aston Martin,3,88.973,88.645,32.297,28.122,28.554,332.0,334.0,3,0,0,16
2025,Saudi Arabian Grand Prix,Q,DOO,Alpine,5,100.299,88.739,37.868,31.077,31.354,297.6,336.0,5,0,0,17
2025,Saudi Arabian Grand Prix,Q,HUL,Kick Sauber,2,88.926,88.782,32.501,27.975,28.45,338.5,339.0,2,0,0,18
2025,Saudi Arabian Grand Prix,Q,OCO,Haas F1 Team,3,89.471,89.092,32.875,28.181,28.415,332.3,333.0,3,0,0,19
2025,Saudi Arabian Grand Prix,Q,BOR,Kick Sauber,2,89.549,89.462,32.853,28.197,28.5,335.5,336.0,2,0,0,20
2025,Saudi Arabian Grand Prix,R,NOR,McLaren,45,93.429,91.778,34.419,29.382,29.628,311.6,332.0,0,15,30,1
2025,Saudi Arabian Grand Prix,R,LEC,Ferrari,45,93.419,92.192,34.334,29.434,29.65,313.8,329.0,0,25,20,2
2025,Saudi Arabian Grand Prix,R,PIA,McLaren,45,93.232,92.228,34.34,29.283,29.608,310.9,336.0,0,15,30,3
2025,Saudi Arabian Grand Prix,R,VER,Red Bull Racing,45,93.191,92.28,34.148,29.37,29.674,305.8,325.0,0,17,28,4
2025,Saudi Arabian Grand Prix,R,ANT,Mercedes,45,93.91,92.396,34.741,29.434,29.735,313.8,330.0,0,15,30,5
2025,Saudi Arabian Grand Prix,R,SAI,Williams,45,94.497,92.466,35.142,29.599,29.756,318.9,335.0,0,17,28,6
2025,Saudi Arabian Grand Prix,R,HAM,Ferrari,45,94.021,92.6,34.675,29.483,29.863,313.8,328.0,0,19,26,7
2025,Saudi Arabian Grand Prix,R,STR,Aston Martin,44,95.318,92.745,35.293,29.83,30.195,311.5,330.0,0,9,35,8
2025,Saudi Arabian Grand Prix,R,RUS,Mercedes,45,93.833,92.893,34.714,29.348,29.772,314.7,320.0,0,16,29,9
2025,Saudi Arabian Grand Prix,R,LAW,Racing Bulls,45,94.631,92.998,35.113,29.7,29.818,317.8,334.0,0,16,29,10
2025,Saudi Arabian Grand Prix,R,ALO,Aston Martin,45,94.784,93.009,35.085,29.646,30.054,316.3,339.0,0,15,30,11
2025,Saudi Arabian Grand Prix,R,DOO,Alpine,44,95.574,93.15,35.565,29.967,30.042,318.3,336.0,0,0,44,12
2025,Saudi Arabian Grand Prix,R,BEA,Haas F1 Team,45,94.818,93.238,35.212,29.817,29.789,316.5,335.0,0,14,31,13
2025,Saudi Arabian Grand Prix,R,HAD,Racing Bulls,45,94.656,93.257,35.184,29.578,29.895,321.4,343.0,0,15,30,14
2025,Saudi Arabian Grand Prix,R,HUL,Kick Sauber,44,95.345,93.446,35.488,29.896,29.961,315.2,334.0,0,15,29,15
2025,Saudi Arabian Grand Prix,R,ALB,Williams,45,94.567,93.477,35.288,29.584,29.695,322.3,336.0,0,18,27,16
2025,Saudi Arabian Grand Prix,R,OCO,Haas F1 Team,47,95.682,94.309,35.58,30.051,30.051,315.1,331.0,0,0,47,17
2025,Saudi Arabian Grand Prix,R,BOR,Kick Sauber,46,96.003,94.447,35.631,30.144,30.228,315.6,335.0,0,0,46,18
2025,Singapore Grand Prix,Q,RUS,Mercedes,6,89.752,89.158,26.604,37.71,25.438,304.0,305.0,6,0,0,1
2025,Singapore Grand Prix,Q,VER,Red Bull Racing,6,90.332,89.34,26.708,37.639,25.985,302.2,304.0,6,0,0,2
2025,Singapore Grand Prix,Q,PIA,McLaren,8,99.285,89.524,30.512,40.959,27.814,262.5,304.0,8,0,0,3
2025,Singapore Grand Prix,Q,ANT,Mercedes,5,89.761,89.537,26.627,37.589,25.546,303.6,305.0,5,0,0,4
2025,Singapore Grand Prix,Q,NOR,McLaren,8,99.671,89.586,31.165,40.979,27.526,263.0,303.0,8,0,0,5
2025,Singapore Grand Prix,Q,HAM,Ferrari,9,100.941,89.688,30.296,43.074,27.572,292.4,304.0,9,0,0,6
2025,Singapore Grand Prix,Q,LEC,Ferrari,10,101.593,89.784,29.553,42.392,29.648,280.0,304.0,10,0,0,7
2025,Singapore Grand Prix,Q,HAD,Racing Bulls,7,101.048,89.846,29.633,41.921,29.494,281.1,304.0,7,0,0,8
2025,Singapore Grand Prix,Q,BEA,Haas F1 Team,5,90.162,89.868,26.773,37.972,25.417,301.2,303.0,5,0,0,9
2025,Singapore Grand Prix,Q,ALO,Aston Martin,6,90.336,89.955,26.812,38.052,25.472,302.7,304.0,6,0,0,10
2025,Singapore Grand Prix,Q,HUL,Kick Sauber,5,90.796,90.141,26.907,38.239,25.65,300.4,301.0,5,0,0,11
2025,Singapore Grand Prix,Q,ALB,Williams,4,90.732,90.202,26.898,38.237,25.597,300.5,301.0,4,0,0,12
2025,Singapore Grand Prix,Q,SAI,Williams,4,90.563,90.235,26.938,38.087,25.538,300.8,301.0,4,0,0,13
2025,Singapore Grand Prix,Q,LAW,Racing Bulls,4,90.738,90.32,26.951,38.128,25.659,300.0,301.0,4,0,0,14
2025,Singapore Grand Prix,Q,TSU,Red Bull Racing,4,90.776,90.353,26.984,38.231,25.561,302.0,303.0,4,0,0,15
2025,Singapore Grand Prix,Q,BOR,Kick Sauber,4,112.964,90.82,34.941,45.709,32.315,243.3,300.0,4,0,0,16
2025,Singapore Grand Prix,Q,STR,Aston Martin,5,106.995,90.949,31.845,45.388,29.762,261.8,303.0,5,0,0,17
2025,Singapore Grand Prix,Q,COL,Alpine,3,91.36,90.982,26.972,38.397,25.991,302.7,304.0,3,0,0,18
2025,Singapore Grand Prix,Q,OCO,Haas F1 Team,2,91.118,90.989,27.044,38.409,25.666,301.5,302.0,2,0,0,19
2025,Singapore Grand Prix,Q,GAS,Alpine,2,94.196,91.261,27.334,38.846,28.017,299.5,304.0,2,0,0,20
2025,Singapore Grand Prix,R,HAM,Ferrari,57,97.605,93.808,28.929,41.262,27.413,282.7,297.0,15,22,20,1
2025,Singapore Grand Prix,R,GAS,Alpine,56,98.459,94.573,28.961,41.86,27.638,288.8,305.0,9,22,25,2
2025,Singapore Grand Prix,R,SAI,Williams,58,98.272,94.963,28.969,41.706,27.597,285.0,300.0,10,48,0,3
2025,Singapore Grand Prix,R,ANT,Mercedes,59,97.141,95.303,28.66,41.096,27.385,289.4,298.0,0,23,36,4
2025,Singapore Grand Prix,R,HUL,Kick Sauber,56,98.156,95.404,28.915,41.684,27.556,286.4,304.0,16,23,17,5
2025,Singapore Grand Prix,R,PIA,McLaren,59,96.689,95.408,28.665,40.816,27.208,282.2,300.0,0,25,34,6
2025,Singapore Grand Prix,R,NOR,McLaren,59,96.749,95.555,28.627,40.893,27.229,285.6,301.0,0,24,35,7
2025,Singapore Grand Prix,R,LAW,Racing Bulls,58,98.535,95.641,29.026,41.718,27.791,283.8,299.0,12,46,0,8
2025,Singapore Grand Prix,R,ALB,Williams,58,98.378,95.648,28.947,41.758,27.672,289.1,304.0,18,40,0,9
2025,Singapore Grand Prix,R,VER,Red Bull Racing,59,96.722,95.649,28.654,40.878,27.189,281.7,295.0,17,0,42,10
2025,Singapore Grand Prix,R,RUS,Mercedes,59,96.647,95.676,28.59,40.87,27.187,285.6,292.0,0,23,36,11
2025,Singapore Grand Prix,R,STR,Aston Martin,58,98.498,95.851,29.047,41.705,27.746,284.6,304.0,36,22,0,12
2025,Singapore Grand Prix,R,ALO,Aston Martin,59,97.712,95.862,28.907,41.457,27.348,282.7,303.0,25,34,0,13
2025,Singapore Grand Prix,R,LEC,Ferrari,59,97.343,95.983,28.774,41.118,27.451,286.1,300.0,0,19,40,14
2025,Singapore Grand Prix,R,BEA,Haas F1 Team,59,98.098,96.201,28.908,41.657,27.533,287.7,300.0,0,21,38,15
2025,Singapore Grand Prix,R,OCO,Haas F1 Team,58,98.871,96.646,29.009,42.09,27.773,290.1,304.0,0,28,30,16
2025,Singapore Grand Prix,R,TSU,Red Bull Racing,58,98.351,96.831,28.908,41.747,27.695,289.0,300.0,11,0,47,17
2025,Singapore Grand Prix,R,HAD,Racing Bulls,58,98.439,96.938,29.11,41.646,27.683,275.3,288.0,18,0,40,18
2025,Singapore Grand Prix,R,BOR,Kick Sauber,58,98.736,97.126,29.052,41.966,27.719,284.0,300.0,0,11,47,19
2025,Singapore Grand Prix,R,COL,Alpine,58,98.863,97.182,29.078,42.082,27.703,285.8,300.0,12,46,0,20
2025,Spanish Grand Prix,Q,PIA,McLaren,4,71.983,71.546,21.381,28.757,21.845,326.5,329.0,4,0,0,1
2025,Spanish Grand Prix,Q,NOR,McLaren,5,72.333,71.755,21.454,28.905,21.974,325.0,326.0,5,0,0,2
2025,Spanish Grand Prix,Q,RUS,Mercedes,4,72.284,71.848,21.492,28.942,21.85,327.8,330.0,4,0,0,3
2025,Spanish Grand Prix,Q,VER,Red Bull Racing,4,72.331,71.848,21.537,28.96,21.835,324.5,326.0,4,0,0,3
2025,Spanish Grand Prix,Q,HAM,Ferrari,5,72.643,72.045,21.588,29.029,22.026,325.2,326.0,5,0,0,5
2025,Spanish Grand Prix,Q,ANT,Mercedes,6,72.754,72.111,21.661,29.045,22.048,325.2,327.0,6,0,0,6
2025,Spanish Grand Prix,Q,LEC,Ferrari,3,72.547,72.131,21.544,28.956,22.047,325.0,326.0,3,0,0,7
2025,Spanish Grand Prix,Q,GAS,Alpine,6,72.811,72.199,21.691,29.123,21.997,324.8,325.0,6,0,0,8
2025,Spanish Grand Prix,Q,HAD,Racing Bulls,5,72.822,72.252,21.653,29.124,22.045,323.0,325.0,5,0,0,9
2025,Spanish Grand Prix,Q,ALO,Aston Martin,3,72.636,72.284,21.642,29.036,21.958,324.3,326.0,3,0,0,10
2025,Spanish Grand Prix,Q,ALB,Williams,4,73.136,72.641,21.653,29.275,22.207,324.5,327.0,4,0,0,11
2025,Spanish Grand Prix,Q,BOR,Kick Sauber,4,73.19,72.756,21.663,29.25,22.276,326.3,328.0,4,0,0,12
2025,Spanish Grand Prix,Q,LAW,Racing Bulls,4,73.097,72.763,21.792,29.176,22.128,323.0,325.0,4,0,0,13
2025,Spanish Grand Prix,Q,STR,Aston Martin,5,73.321,73.038,21.749,29.333,22.24,324.2,327.0,5,0,0,14
2025,Spanish Grand Prix,Q,BEA,Haas F1 Team,5,73.541,73.074,21.865,29.442,22.234,322.2,325.0,5,0,0,15
2025,Spanish Grand Prix,Q,HUL,Kick Sauber,2,73.345,73.19,21.839,29.317,22.189,323.5,326.0,2,0,0,16
2025,Spanish Grand Prix,Q,OCO,Haas F1 Team,3,73.591,73.201,21.838,29.463,22.29,322.0,326.0,3,0,0,17
2025,Spanish Grand Prix,Q,SAI,Williams,2,73.392,73.203,21.695,29.424,22.274,325.5,327.0,2,0,0,18
2025,Spanish Grand Prix,Q,COL,Alpine,2,73.616,73.334,21.835,29.406,22.374,325.0,326.0,2,0,0,19
2025,Spanish Grand Prix,Q,TSU,Red Bull Racing,2,73.616,73.385,21.893,29.457,22.266,321.0,323.0,2,0,0,20
2025,Spanish Grand Prix,R,PIA,McLaren,55,79.721,75.743,23.627,32.082,24.012,312.7,322.0,30,25,0,1
2025,Spanish Grand Prix,R,NOR,McLaren,55,79.781,76.187,23.59,32.17,24.022,315.3,342.0,30,25,0,2
2025,Spanish Grand Prix,R,VER,Red Bull Racing,53,79.655,77.019,23.505,32.201,23.948,312.5,341.0,31,16,6,3
2025,Spanish Grand Prix,R,RUS,Mercedes,55,80.326,77.244,23.661,32.486,24.179,313.0,335.0,36,19,0,4
2025,Spanish Grand Prix,R,LEC,Ferrari,55,80.152,77.259,23.701,32.24,24.21,311.9,333.0,21,34,0,5
2025,Spanish Grand Prix,R,HUL,Kick Sauber,54,81.23,77.575,23.856,32.863,24.511,316.4,341.0,20,34,0,6
2025,Spanish Grand Prix,R,HAM,Ferrari,55,80.437,77.706,23.771,32.378,24.289,310.3,322.0,27,28,0,7
2025,Spanish Grand Prix,R,HAD,Racing Bulls,54,81.051,77.77,23.942,32.649,24.46,312.8,334.0,27,27,0,8
2025,Spanish Grand Prix,R,GAS,Alpine,54,81.439,77.896,24.008,32.925,24.506,313.0,334.0,33,21,0,9
2025,Spanish Grand Prix,R,TSU,Red Bull Racing,52,81.179,77.998,23.849,32.843,24.487,319.5,341.0,46,6,0,10
2025,Spanish Grand Prix,R,ALO,Aston Martin,54,81.47,78.128,23.852,33.064,24.554,313.6,338.0,29,25,0,11
2025,Spanish Grand Prix,R,ANT,Mercedes,48,81.075,78.255,23.954,32.715,24.407,310.4,331.0,22,26,0,12
2025,Spanish Grand Prix,R,BOR,Kick Sauber,54,81.753,78.297,23.957,33.049,24.747,317.4,341.0,26,28,0,13
2025,Spanish Grand Prix,R,COL,Alpine,54,82.123,78.353,24.151,33.198,24.774,318.0,337.0,31,23,0,14
2025,Spanish Grand Prix,R,OCO,Haas F1 Team,54,81.752,78.624,24.055,33.02,24.677,316.4,343.0,18,36,0,15
2025,Spanish Grand Prix,R,BEA,Haas F1 Team,54,81.614,78.907,24.04,33.06,24.515,313.1,338.0,12,42,0,16
2025,Spanish Grand Prix,R,SAI,Williams,54,81.449,79.317,24.035,33.021,24.394,317.0,342.0,36,18,0,17
2025,Spanish Grand Prix,R,LAW,Racing Bulls,54,81.528,79.424,24.093,32.915,24.521,319.4,341.0,30,24,0,18
2025,Spanish Grand Prix,R,ALB,Williams,22,82.125,80.508,24.148,33.316,24.661,318.5,333.0,22,0,0,19
2025,São Paulo Grand Prix,Q,NOR,McLaren,9,79.81,69.511,23.995,38.946,16.869,286.6,338.0,9,0,0,1
2025,São Paulo Grand Prix,Q,ANT,Mercedes,4,69.913,69.685,18.122,35.71,16.081,333.3,336.0,4,0,0,2
2025,São Paulo Grand Prix,Q,BEA,Haas F1 Team,5,70.07,69.755,18.185,35.816,16.07,331.2,332.0,5,0,0,3
2025,São Paulo Grand Prix,Q,LEC,Ferrari,10,78.608,69.801,21.638,40.254,16.715,307.5,336.0,6,4,0,4
2025,São Paulo Grand Prix,Q,PIA,McLaren,5,70.278,69.835,18.425,35.761,16.093,336.0,338.0,5,0,0,5
2025,São Paulo Grand Prix,Q,GAS,Alpine,7,70.245,69.857,18.183,35.93,16.132,334.3,336.0,6,1,0,6
2025,São Paulo Grand Prix,Q,RUS,Mercedes,5,70.04,69.88,18.179,35.798,16.063,332.4,336.0,4,1,0,7
2025,São Paulo Grand Prix,Q,HAD,Racing Bulls,9,78.914,69.931,23.437,38.973,16.504,303.6,336.0,9,0,0,8
2025,São Paulo Grand Prix,Q,LAW,Racing Bulls,7,70.183,69.95,18.25,35.848,16.084,334.0,335.0,7,0,0,9
2025,São Paulo Grand Prix,Q,HUL,Kick Sauber,7,70.344,69.985,18.322,35.937,16.084,332.4,336.0,7,0,0,10
2025,São Paulo Grand Prix,Q,ALO,Aston Martin,5,70.34,70.001,18.25,35.978,16.112,332.4,335.0,4,1,0,11
2025,São Paulo Grand Prix,Q,HAM,Ferrari,6,77.725,70.016,21.739,39.591,16.395,321.8,338.0,6,0,0,12
2025,São Paulo Grand Prix,Q,STR,Aston Martin,5,70.36,70.041,18.229,35.944,16.187,332.4,335.0,4,1,0,13
2025,São Paulo Grand Prix,Q,ALB,Williams,5,70.338,70.053,18.13,36.061,16.147,333.6,336.0,5,0,0,14
2025,São Paulo Grand Prix,Q,SAI,Williams,4,70.647,70.184,18.297,36.159,16.191,332.8,333.0,4,0,0,15
2025,São Paulo Grand Prix,Q,VER,Red Bull Racing,5,94.821,70.403,33.832,43.061,17.928,236.8,338.0,5,0,0,16
2025,São Paulo Grand Prix,Q,OCO,Haas F1 Team,3,70.767,70.438,18.49,36.101,16.177,330.0,330.0,3,0,0,17
2025,São Paulo Grand Prix,Q,COL,Alpine,3,71.107,70.632,18.477,36.425,16.205,335.0,338.0,3,0,0,18
2025,São Paulo Grand Prix,Q,TSU,Red Bull Racing,5,86.025,70.711,26.543,42.516,16.966,263.4,338.0,5,0,0,19
2025,São Paulo Grand Prix,R,ALB,Williams,60,75.022,72.4,19.144,38.799,17.078,308.6,334.0,18,42,0,1
2025,São Paulo Grand Prix,R,VER,Red Bull Racing,60,74.182,72.447,18.914,38.29,16.978,312.7,335.0,16,43,1,2
2025,São Paulo Grand Prix,R,PIA,McLaren,60,74.231,72.742,19.02,38.191,17.019,307.5,329.0,11,49,0,3
2025,São Paulo Grand Prix,R,TSU,Red Bull Racing,60,74.838,72.774,19.063,38.695,17.08,303.6,314.0,0,60,0,4
2025,São Paulo Grand Prix,R,COL,Alpine,60,74.979,72.816,19.205,38.629,17.146,298.4,322.0,12,48,0,5
2025,São Paulo Grand Prix,R,NOR,McLaren,60,74.145,73.04,19.066,38.054,17.025,298.0,320.0,18,42,0,6
2025,São Paulo Grand Prix,R,STR,Aston Martin,59,74.826,73.094,19.112,38.588,17.127,305.1,334.0,0,39,20,7
2025,São Paulo Grand Prix,R,RUS,Mercedes,60,74.425,73.097,19.024,38.386,17.015,310.1,330.0,12,48,0,8
2025,São Paulo Grand Prix,R,ANT,Mercedes,60,74.287,73.123,19.05,38.197,17.04,302.9,325.0,13,47,0,9
2025,São Paulo Grand Prix,R,ALO,Aston Martin,60,74.999,73.312,19.129,38.733,17.137,307.7,325.0,0,40,20,10
2025,São Paulo Grand Prix,R,HUL,Kick Sauber,62,75.319,73.474,19.298,38.879,17.142,305.8,329.0,34,28,0,11
2025,São Paulo Grand Prix,R,OCO,Haas F1 Team,61,74.936,73.481,19.21,38.614,17.112,305.0,334.0,0,60,1,12
2025,São Paulo Grand Prix,R,BEA,Haas F1 Team,60,74.597,73.483,19.147,38.38,17.07,297.0,323.0,9,51,0,13
2025,São Paulo Grand Prix,R,SAI,Williams,60,75.0,73.683,19.024,38.963,17.013,316.0,335.0,9,51,0,14
2025,São Paulo Grand Prix,R,HAD,Racing Bulls,60,74.971,73.694,19.18,38.715,17.076,309.7,333.0,10,50,0,15
2025,São Paulo Grand Prix,R,GAS,Alpine,60,75.017,73.736,19.126,38.908,16.983,313.7,333.0,10,50,0,16
2025,São Paulo Grand Prix,R,HAM,Ferrari,25,75.552,73.844,19.289,39.133,17.13,301.5,334.0,0,19,6,17
2025,São Paulo Grand Prix,R,LAW,Racing Bulls,62,75.328,74.029,19.318,38.888,17.123,298.5,315.0,11,51,0,18
2025,United States Grand Prix,Q,VER,Red Bull Racing,4,93.002,92.51,25.039,37.581,30.383,324.3,326.0,4,0,0,1
2025,United States Grand Prix,Q,NOR,McLaren,8,102.71,92.801,27.877,40.887,33.945,292.5,325.0,8,0,0,2
2025,United States Grand Prix,Q,LEC,Ferrari,5,94.01,92.807,25.177,37.608,31.225,323.6,326.0,5,0,0,3
2025,United States Grand Prix,Q,RUS,Mercedes,6,93.236,92.826,25.126,37.555,30.555,323.7,327.0,6,0,0,4
2025,United States Grand Prix,Q,HAM,Ferrari,5,93.377,92.912,25.259,37.641,30.477,322.0,325.0,5,0,0,5
2025,United States Grand Prix,Q,ANT,Mercedes,6,93.318,93.044,25.216,37.612,30.489,325.5,329.0,6,0,0,6
2025,United States Grand Prix,Q,PIA,McLaren,8,108.04,93.084,30.019,43.283,34.738,273.5,324.0,8,0,0,7
2025,United States Grand Prix,Q,SAI,Williams,5,93.299,93.124,25.114,37.653,30.532,325.4,327.0,5,0,0,8
2025,United States Grand Prix,Q,BEA,Haas F1 Team,5,93.617,93.139,25.272,37.775,30.57,322.4,325.0,5,0,0,9
2025,United States Grand Prix,Q,ALO,Aston Martin,5,94.901,93.16,25.198,37.663,32.04,326.0,328.0,5,0,0,10
2025,United States Grand Prix,Q,HUL,Kick Sauber,4,93.661,93.334,25.329,37.658,30.675,324.0,326.0,4,0,0,11
2025,United States Grand Prix,Q,LAW,Racing Bulls,4,93.717,93.36,25.336,37.795,30.586,323.8,326.0,4,0,0,12
2025,United States Grand Prix,Q,TSU,Red Bull Racing,4,93.777,93.466,25.247,37.817,30.713,324.3,326.0,4,0,0,13
2025,United States Grand Prix,Q,GAS,Alpine,4,93.871,93.599,25.211,37.767,30.893,325.3,327.0,4,0,0,14
2025,United States Grand Prix,Q,ALB,Williams,2,94.18,93.67,25.104,38.232,30.845,325.0,326.0,2,0,0,15
2025,United States Grand Prix,Q,STR,Aston Martin,2,94.209,93.878,25.539,37.886,30.785,323.0,323.0,2,0,0,16
2025,United States Grand Prix,Q,COL,Alpine,4,98.027,94.039,25.749,40.985,31.293,266.8,325.0,4,0,0,17
2025,United States Grand Prix,Q,BOR,Kick Sauber,2,94.429,94.125,25.425,38.052,30.953,322.0,322.0,2,0,0,18
2025,United States Grand Prix,Q,OCO,Haas F1 Team,2,94.334,94.136,25.467,38.07,30.798,322.0,323.0,2,0,0,19
2025,United States Grand Prix,R,ANT,Mercedes,51,100.511,97.577,26.719,39.934,33.858,314.1,336.0,24,27,0,1
2025,United States Grand Prix,R,NOR,McLaren,50,99.291,97.62,26.41,39.64,33.241,314.1,334.0,23,27,0,2
2025,United States Grand Prix,R,VER,Red Bull Racing,50,99.206,97.991,26.568,39.712,32.927,308.0,321.0,22,28,0,3
2025,United States Grand Prix,R,RUS,Mercedes,51,99.807,98.224,26.616,39.901,33.291,307.5,319.0,22,29,0,4
2025,United States Grand Prix,R,LEC,Ferrari,50,99.441,98.231,26.395,39.838,33.208,308.2,330.0,17,33,0,5
2025,United States Grand Prix,R,BOR,Kick Sauber,48,100.633,98.275,26.852,40.22,33.562,313.1,335.0,28,20,0,6
2025,United States Grand Prix,R,ALB,Williams,51,100.239,98.328,26.699,40.028,33.512,315.5,337.0,19,27,5,7
2025,United States Grand Prix,R,HAM,Ferrari,50,99.681,98.361,26.432,39.87,33.379,308.5,330.0,24,26,0,8
2025,United States Grand Prix,R,HUL,Kick Sauber,51,100.169,98.372,26.726,39.995,33.449,305.1,335.0,22,29,0,9
2025,United States Grand Prix,R,PIA,McLaren,50,99.696,98.564,26.605,39.822,33.269,306.2,328.0,25,25,0,10
2025,United States Grand Prix,R,HAD,Racing Bulls,51,100.788,98.724,26.89,40.263,33.635,311.1,333.0,27,0,24,11
2025,United States Grand Prix,R,ALO,Aston Martin,51,100.378,98.789,26.898,39.985,33.496,306.3,319.0,25,26,0,12
2025,United States Grand Prix,R,TSU,Red Bull Racing,51,100.076,98.803,26.816,39.912,33.348,308.2,329.0,26,25,0,13
2025,United States Grand Prix,R,LAW,Racing Bulls,51,100.461,98.983,26.792,40.127,33.542,304.2,335.0,25,26,0,14
2025,United States Grand Prix,R,STR,Aston Martin,51,100.463,99.071,26.961,39.949,33.554,310.5,335.0,24,27,0,15
2025,United States Grand Prix,R,BEA,Haas F1 Team,51,100.39,99.119,26.625,40.069,33.696,308.9,334.0,25,26,0,16
2025,United States Grand Prix,R,COL,Alpine,50,100.984,99.173,27.024,40.28,33.68,307.8,338.0,22,28,0,17
2025,United States Grand Prix,R,OCO,Haas F1 Team,51,100.607,99.263,26.73,40.221,33.655,311.0,338.0,0,31,20,18
2025,United States Grand Prix,R,GAS,Alpine,50,101.06,99.27,27.005,40.331,33.724,301.0,328.0,27,23,0,19
2025,United States Grand Prix,R,SAI,Williams,4,100.767,100.327,27.161,39.787,33.819,333.3,339.0,0,4,0,20
